Acc_Index,Vehicle_Reference,Casualty_Reference,Casualty_Class,Sex_of_Casualty,Age_Band_of_Casualty,Casualty_Severity,Pedestrian_Location,Pedestrian_Movement,Car_Passenger,Bus_or_Coach_Passenger,Pedestrian_Road_Maintenance_Worker,Casualty_Type,Casualty_Home_Area_Type
200501BS00001,1,1,3,1,7,2,1,1,0,0,-1,0,1
200501BS00002,1,1,2,1,7,3,0,0,0,4,-1,11,1
200501BS00003,2,1,1,1,9,3,0,0,0,0,-1,9,1
200501BS00004,1,1,3,1,6,3,5,2,0,0,-1,0,1
200501BS00005,1,1,1,1,8,3,0,0,0,0,-1,3,-1
200501BS00006,2,1,1,2,6,3,0,0,0,0,-1,3,1
200501BS00007,1,1,1,1,6,3,0,0,0,0,-1,3,-1
200501BS00009,1,1,3,2,3,3,6,9,0,0,-1,0,1
200501BS00009,1,2,3,2,3,3,6,9,0,0,-1,0,1
200501BS00010,1,1,1,1,6,3,0,0,0,0,-1,9,1
200501BS00010,2,2,1,2,8,3,0,0,0,0,-1,9,1
200501BS00011,1,1,2,2,6,3,0,0,0,4,-1,11,1
200501BS00011,1,2,2,2,2,3,0,0,0,4,-1,11,1
200501BS00011,1,3,2,2,7,3,0,0,0,4,-1,11,1
200501BS00011,1,4,2,2,7,3,0,0,0,4,-1,11,1
200501BS00011,1,5,2,2,6,3,0,0,0,4,-1,11,-1
200501BS00012,1,1,3,2,5,3,1,4,0,0,-1,0,1
200501BS00014,2,1,1,2,4,3,0,0,0,0,-1,3,-1
200501BS00015,1,1,3,2,10,3,1,1,0,0,-1,0,-1
200501BS00016,1,1,1,1,6,3,0,0,0,0,-1,9,1
200501BS00017,1,1,1,1,7,3,0,0,0,0,-1,5,1
200501BS00017,1,2,3,2,6,3,5,3,0,0,-1,0,-1
200501BS00018,1,1,3,2,9,3,1,1,0,0,-1,0,1
200501BS00019,1,1,1,1,8,2,0,0,0,0,-1,5,1
200501BS00020,2,1,1,1,6,3,0,0,0,0,-1,3,1
200501BS00021,1,1,1,1,6,3,0,0,0,0,-1,5,1
200501BS00022,1,1,3,1,-1,2,5,1,0,0,-1,0,-1
200501BS00023,1,1,3,1,8,3,5,3,0,0,-1,0,-1
200501BS00024,2,1,1,2,5,3,0,0,0,0,-1,1,1
200501BS00025,2,1,1,1,9,3,0,0,0,0,-1,5,1
200501BS00028,1,1,1,1,7,3,0,0,0,0,-1,3,1
200501BS00029,1,1,1,1,8,3,0,0,0,0,-1,9,1
200501BS00031,1,1,3,1,10,3,1,3,0,0,-1,0,1
200501BS00032,1,1,1,1,8,3,0,0,0,0,-1,1,-1
200501BS00033,1,1,1,1,6,3,0,0,0,0,-1,9,1
200501BS00033,1,2,2,1,-1,3,0,0,1,0,-1,9,-1
200501BS70001,2,1,1,1,7,3,0,0,0,0,-1,9,1
200501BS70002,2,1,1,2,6,3,0,0,0,0,-1,5,1
200501BS70003,1,1,1,1,5,3,0,0,0,0,-1,3,1
200501BS70003,2,2,1,1,6,2,0,0,0,0,-1,5,1
200501BS70004,1,1,1,1,6,3,0,0,0,0,-1,1,1
200501BS70005,1,1,1,1,7,3,0,0,0,0,-1,4,1
200501BS70006,1,1,1,2,5,3,0,0,0,0,-1,3,1
200501BS70006,1,2,2,2,5,3,0,0,0,0,-1,3,1
200501BS70007,1,1,2,1,5,3,0,0,1,0,-1,9,1
200501BS70008,1,1,1,1,6,3,0,0,0,0,-1,9,1
200501BS70008,1,2,2,1,6,3,0,0,1,0,-1,9,1
200501BS70009,2,1,1,1,7,3,0,0,0,0,-1,1,1
200501BS70010,1,1,1,1,8,3,0,0,0,0,-1,1,1
200501BS70011,1,1,1,1,7,3,0,0,0,0,-1,9,1
200501BS70012,1,1,1,1,6,3,0,0,0,0,-1,3,-1
200501BS70013,1,1,3,1,6,3,4,1,0,0,-1,0,1
200501BS70014,1,1,1,1,7,3,0,0,0,0,-1,5,1
200501BS70016,1,1,3,1,7,3,4,3,0,0,-1,0,1
200501BS70017,1,1,1,1,7,3,0,0,0,0,-1,8,1
200501BS70018,1,1,1,1,6,3,0,0,0,0,-1,5,1
200501BS70019,1,1,1,2,6,3,0,0,0,0,-1,9,1
200501BS70020,1,1,1,2,9,3,0,0,0,0,-1,1,-1
200501BS70021,1,1,2,2,10,3,0,0,0,2,-1,11,1
200501BS70023,1,1,1,1,4,3,0,0,0,0,-1,9,1
200501BS70023,2,2,1,1,5,3,0,0,0,0,-1,9,1
200501BS70025,1,1,2,2,8,3,0,0,1,0,-1,9,3
200501BS70027,1,1,1,1,-1,3,0,0,0,0,-1,1,1
200501BS70028,1,1,2,2,11,3,0,0,0,1,-1,11,-1
200501BS70029,1,1,3,1,-1,2,4,1,0,0,-1,0,-1
200501BS70030,2,1,1,2,7,3,0,0,0,0,-1,1,1
200501BS70031,1,1,3,1,7,3,4,1,0,0,-1,0,-1
200501BS70032,1,1,3,1,7,3,5,1,0,0,-1,0,1
200501BS70033,1,1,3,2,4,3,10,9,0,0,-1,0,1
200501BS70034,1,1,1,1,3,3,0,0,0,0,-1,1,-1
200501BS70036,1,1,1,1,7,3,0,0,0,0,-1,9,1
200501BS70037,1,1,3,2,2,3,5,3,0,0,-1,0,1
200501BS70038,1,1,1,1,7,3,0,0,0,0,-1,5,-1
200501BS70039,1,1,1,1,5,3,0,0,0,0,-1,9,1
200501BS70039,2,2,1,1,-1,3,0,0,0,0,-1,9,1
200501BS70040,2,1,1,2,9,3,0,0,0,0,-1,1,1
200501BS70041,1,1,1,1,4,3,0,0,0,0,-1,3,1
200501BS70041,1,2,3,2,6,3,4,3,0,0,-1,0,1
200501BS70042,1,1,1,1,6,3,0,0,0,0,-1,9,1
200501BS70042,2,2,1,1,6,3,0,0,0,0,-1,9,1
200501BS70043,2,1,2,2,4,3,0,0,2,0,-1,9,-1
200501BS70044,2,1,1,1,6,3,0,0,0,0,-1,3,1
200501BS70045,1,1,3,1,9,3,5,1,0,0,-1,0,-1
200501BS70046,1,1,3,2,7,3,4,3,0,0,-1,0,1
200501BS70047,1,1,1,1,7,3,0,0,0,0,-1,3,-1
200501BS70048,1,1,1,2,7,3,0,0,0,0,-1,3,1
200501BS70049,1,1,3,2,6,3,4,3,0,0,-1,0,1
200501BS70050,3,1,1,1,6,3,0,0,0,0,-1,1,1
200501BS70051,1,1,3,1,5,3,5,3,0,0,-1,0,1
200501BS70052,1,1,3,2,9,3,5,1,0,0,-1,0,1
200501BS70053,1,1,3,1,10,3,1,1,0,0,-1,0,1
200501BS70054,2,1,1,1,6,3,0,0,0,0,-1,1,1
200501BS70055,1,1,3,1,5,3,7,8,0,0,-1,0,-1
200501BS70056,1,1,2,2,6,3,0,0,0,3,-1,11,-1
200501BS70058,2,1,1,1,8,3,0,0,0,0,-1,1,-1
200501BS70060,1,1,1,1,7,3,0,0,0,0,-1,9,1
200501BS70061,2,1,1,1,6,3,0,0,0,0,-1,3,1
200501BS70062,2,1,1,1,5,3,0,0,0,0,-1,5,1
200501BS70063,1,1,1,2,6,3,0,0,0,0,-1,2,-1
200501BS70065,2,1,1,1,8,3,0,0,0,0,-1,1,1
200501BS70066,1,1,1,1,6,2,0,0,0,0,-1,2,1
200501BS70067,2,1,1,2,6,3,0,0,0,0,-1,1,1
200501BS70068,1,1,1,1,6,3,0,0,0,0,-1,9,1
200501BS70068,1,2,2,1,6,3,0,0,1,0,-1,9,1
200501BS70068,2,3,1,2,5,3,0,0,0,0,-1,9,1
200501BS70068,2,4,2,1,6,3,0,0,1,0,-1,9,1
200501BS70069,1,1,3,1,8,3,5,2,0,0,-1,0,1
200501BS70070,1,1,3,2,6,3,5,1,0,0,-1,0,-1
200501BS70072,1,1,1,1,6,3,0,0,0,0,-1,2,-1
200501BS70073,2,1,1,1,10,2,0,0,0,0,-1,1,1
200501BS70074,1,1,1,1,7,3,0,0,0,0,-1,9,-1
200501BS70075,1,1,2,1,8,3,0,0,0,2,-1,11,1
200501BS70076,1,1,1,1,6,3,0,0,0,0,-1,1,1
200501BS70077,1,1,1,2,7,3,0,0,0,0,-1,9,1
200501BS70078,2,1,1,1,6,3,0,0,0,0,-1,1,1
200501BS70079,1,1,1,1,7,3,0,0,0,0,-1,5,1
200501BS70080,2,1,1,1,6,3,0,0,0,0,-1,9,1
200501BS70080,3,2,1,2,7,3,0,0,0,0,-1,9,1
200501BS70082,1,1,1,2,5,3,0,0,0,0,-1,4,-1
200501BS70083,1,1,3,2,6,3,4,1,0,0,-1,0,1
200501BS70084,1,1,1,1,7,3,0,0,0,0,-1,1,1
200501BS70085,1,1,1,1,6,3,0,0,0,0,-1,5,1
200501BS70086,1,1,1,1,7,3,0,0,0,0,-1,9,1
200501BS70087,1,1,1,1,8,3,0,0,0,0,-1,9,1
200501BS70088,1,1,2,1,7,2,0,0,0,2,-1,11,1
200501BS70089,2,1,1,2,7,2,0,0,0,0,-1,1,1
200501BS70090,1,1,1,1,8,3,0,0,0,0,-1,4,1
200501BS70090,1,2,3,2,5,3,4,1,0,0,-1,0,1
200501BS70091,1,1,3,1,11,3,5,1,0,0,-1,0,-1
200501BS70092,3,1,1,1,-1,3,0,0,0,0,-1,3,-1
200501BS70092,3,2,2,1,-1,3,0,0,0,0,-1,3,-1
200501BS70093,1,1,1,1,6,3,0,0,0,0,-1,5,1
200501BS70094,1,1,3,2,8,3,4,3,0,0,-1,0,-1
200501BS70095,1,1,1,1,6,3,0,0,0,0,-1,5,1
200501BS70096,1,1,1,1,6,2,0,0,0,0,-1,3,1
200501BS70097,1,1,3,2,4,3,5,1,0,0,-1,0,1
200501BS70098,1,1,3,2,9,3,5,1,0,0,-1,0,-1
200501BS70098,1,2,3,2,6,3,5,1,0,0,-1,0,1
200501BS70099,1,1,2,1,6,3,0,0,0,4,-1,11,1
200501BS70100,1,1,3,2,7,3,10,1,0,0,-1,0,-1
200501BS70101,1,1,3,2,9,3,5,1,0,0,-1,0,1
200501BS70102,1,1,1,2,8,3,0,0,0,0,-1,9,-1
200501BS70105,2,1,1,1,6,3,0,0,0,0,-1,1,-1
200501BS70107,1,1,1,1,6,3,0,0,0,0,-1,2,1
200501BS70108,1,1,1,1,7,3,0,0,0,0,-1,9,1
200501BS70109,1,1,1,1,8,3,0,0,0,0,-1,9,1
200501BS70110,1,1,1,1,9,3,0,0,0,0,-1,8,1
200501BS70111,2,1,1,1,5,3,0,0,0,0,-1,4,1
200501BS70112,2,1,1,1,8,3,0,0,0,0,-1,5,3
200501BS70113,1,1,2,2,10,3,0,0,0,1,-1,11,-1
200501BS70114,1,1,3,2,5,3,5,3,0,0,-1,0,1
200501BS70115,2,1,1,2,6,3,0,0,0,0,-1,9,1
200501BS70116,2,1,1,2,6,3,0,0,0,0,-1,1,1
200501BS70117,1,1,1,1,6,3,0,0,0,0,-1,5,1
200501BS70118,1,1,3,2,9,3,1,3,0,0,-1,0,-1
200501BS70119,1,1,3,1,5,3,1,1,0,0,-1,0,1
200501BS70121,2,1,1,1,7,3,0,0,0,0,-1,2,1
200501BS70123,1,1,3,2,8,3,4,2,0,0,-1,0,-1
200501BS70124,1,1,1,2,7,3,0,0,0,0,-1,9,1
200501BS70125,1,1,1,2,7,2,0,0,0,0,-1,3,1
200501BS70126,2,1,1,1,3,3,0,0,0,0,-1,1,-1
200501BS70127,1,1,3,2,6,3,1,1,0,0,-1,0,1
200501BS70128,2,1,1,2,6,3,0,0,0,0,-1,1,1
200501BS70129,1,1,3,1,6,3,1,3,0,0,-1,0,1
200501BS70130,2,1,1,1,6,3,0,0,0,0,-1,5,1
200501BS70131,1,1,3,2,5,3,1,1,0,0,-1,0,1
200501BS70132,1,1,3,1,6,3,10,9,0,0,-1,0,1
200501BS70133,1,1,1,1,7,3,0,0,0,0,-1,5,1
200501BS70134,1,1,1,1,5,2,0,0,0,0,-1,3,1
200501BS70135,1,1,2,1,5,3,0,0,0,3,-1,11,1
200501BS70136,2,1,1,1,5,2,0,0,0,0,-1,1,-1
200501BS70137,2,1,1,1,7,3,0,0,0,0,-1,1,1
200501BS70140,1,1,1,2,7,3,0,0,0,0,-1,3,1
200501BS70141,1,1,1,1,6,3,0,0,0,0,-1,5,1
200501BS70142,1,1,1,1,6,3,0,0,0,0,-1,5,2
200501BS70144,2,1,1,1,6,3,0,0,0,0,-1,9,1
200501BS70145,1,1,3,2,11,3,5,3,0,0,-1,0,1
200501BS70148,1,1,3,2,5,3,5,3,0,0,-1,0,1
200501BS70149,2,1,1,1,3,3,0,0,0,0,-1,1,1
200501BS70151,1,1,3,1,7,3,5,1,0,0,-1,0,1
200501BS70152,2,1,1,1,7,3,0,0,0,0,-1,3,1
200501BS70153,1,1,2,1,6,3,0,0,1,0,-1,9,1
200501BS70154,2,1,1,1,7,3,0,0,0,0,-1,1,-1
200501BS70155,1,1,2,2,6,3,0,0,0,0,-1,5,-1
200501BS70155,1,2,1,1,6,3,0,0,0,0,-1,5,1
200501BS70156,1,1,1,1,6,3,0,0,0,0,-1,5,3
200501BS70157,1,1,1,1,6,3,0,0,0,0,-1,1,1
200501BS70158,1,1,1,1,9,3,0,0,0,0,-1,1,1
200501BS70160,1,1,1,2,6,3,0,0,0,0,-1,1,1
200501BS70161,2,1,1,2,7,3,0,0,0,0,-1,3,1
200501BS70163,2,1,1,1,4,3,0,0,0,0,-1,3,1
200501BS70164,2,1,1,1,6,3,0,0,0,0,-1,3,1
200501BS70165,2,1,1,1,8,3,0,0,0,0,-1,1,1
200501BS70166,1,1,3,1,-1,2,4,3,0,0,-1,0,-1
200501BS70167,1,1,1,2,6,3,0,0,0,0,-1,1,1
200501BS70168,2,1,1,2,7,3,0,0,0,0,-1,9,1
200501BS70169,1,1,3,1,8,3,6,9,0,0,-1,0,-1
200501BS70170,1,1,1,1,7,2,0,0,0,0,-1,3,1
200501BS70171,1,1,1,1,6,3,0,0,0,0,-1,3,1
200501BS70172,1,1,1,1,6,3,0,0,0,0,-1,9,1
200501BS70174,2,1,1,1,7,3,0,0,0,0,-1,9,1
200501BS70175,2,1,1,2,-1,3,0,0,0,0,-1,9,-1
200501BS70176,1,1,1,2,6,3,0,0,0,0,-1,1,1
200501BS70177,1,1,1,1,8,3,0,0,0,0,-1,5,-1
200501BS70178,2,1,1,1,7,3,0,0,0,0,-1,1,1
200501BS70179,1,1,1,1,6,3,0,0,0,0,-1,5,1
200501BS70181,1,1,3,1,8,3,5,3,0,0,-1,0,1
200501BS70182,1,1,3,2,4,3,4,3,0,0,-1,0,-1
200501BS70183,1,1,1,1,6,3,0,0,0,0,-1,5,-1
200501BS70185,1,1,3,2,7,3,9,5,0,0,-1,0,1
200501BS70186,1,1,1,1,6,3,0,0,0,0,-1,3,1
200501BS70187,1,1,3,2,7,3,4,3,0,0,-1,0,-1
200501BS70188,2,1,1,1,6,3,0,0,0,0,-1,1,1
200501BS70189,2,1,1,2,5,3,0,0,0,0,-1,1,1
200501BS70190,2,1,1,1,-1,3,0,0,0,0,-1,5,1
200501BS70191,1,1,3,1,10,3,1,3,0,0,-1,0,1
200501BS70192,1,1,3,1,4,3,8,8,0,0,-1,0,2
200501BS70193,2,1,1,1,2,3,0,0,0,0,-1,1,1
200501BS70194,2,1,1,1,9,3,0,0,0,0,-1,9,1
200501BS70195,1,1,1,1,7,3,0,0,0,0,-1,3,1
200501BS70196,1,1,3,2,4,2,5,3,0,0,-1,0,1
200501BS70197,1,1,1,1,8,3,0,0,0,0,-1,3,1
200501BS70198,1,1,3,1,-1,3,4,1,0,0,-1,0,-1
200501BS70199,3,1,1,1,7,3,0,0,0,0,-1,1,1
200501BS70200,2,1,1,2,5,2,0,0,0,0,-1,1,1
200501BS70201,1,1,1,1,7,3,0,0,0,0,-1,9,1
200501BS70202,1,1,1,2,7,3,0,0,0,0,-1,9,1
200501BS70203,1,1,2,1,3,3,0,0,2,0,-1,9,1
200501BS70204,1,1,1,1,6,3,0,0,0,0,-1,3,1
200501BS70205,1,1,3,2,6,3,6,9,0,0,-1,0,-1
200501BS70206,1,1,1,1,7,3,0,0,0,0,-1,4,1
200501BS70207,1,1,3,1,6,2,5,1,0,0,-1,0,1
200501BS70209,1,1,2,2,5,3,0,0,1,0,-1,9,1
200501BS70210,1,1,3,1,8,3,1,1,0,0,-1,0,1
200501BS70211,2,1,1,2,6,3,0,0,0,0,-1,9,1
200501BS70212,1,1,1,1,5,3,0,0,0,0,-1,5,1
200501BS70214,1,1,3,1,6,2,6,9,0,0,-1,0,-1
200501BS70215,1,1,1,1,6,3,0,0,0,0,-1,3,1
200501BS70216,1,2,2,2,6,3,0,0,1,0,-1,9,-1
200501BS70216,2,1,1,2,6,3,0,0,0,0,-1,9,1
200501BS70217,1,1,1,1,5,3,0,0,0,0,-1,5,1
200501BS70218,2,1,1,1,4,3,0,0,0,0,-1,1,1
200501BS70219,1,1,2,2,-1,3,0,0,0,4,-1,11,-1
200501BS70220,1,1,2,1,9,3,0,0,0,4,-1,11,1
200501BS70221,1,1,1,1,6,3,0,0,0,0,-1,5,1
200501BS70223,1,1,2,1,3,3,0,0,1,0,-1,9,1
200501BS70224,1,1,3,1,6,3,5,1,0,0,-1,0,-1
200501BS70225,2,1,1,1,6,3,0,0,0,0,-1,4,1
200501BS70226,1,1,1,1,7,3,0,0,0,0,-1,9,-1
200501BS70227,1,1,1,1,6,3,0,0,0,0,-1,1,1
200501BS70228,1,1,1,1,9,3,0,0,0,0,-1,8,1
200501BS70229,2,1,1,1,5,3,0,0,0,0,-1,1,1
200501BS70230,2,1,1,1,-1,3,0,0,0,0,-1,3,1
200501BS70231,1,1,1,2,5,3,0,0,0,0,-1,9,1
200501BS70232,1,1,1,1,8,2,0,0,0,0,-1,5,1
200501BS70233,1,1,3,1,8,3,5,1,0,0,-1,0,-1
200501BS70234,1,1,1,1,8,3,0,0,0,0,-1,9,1
200501BS70235,2,1,1,1,5,3,0,0,0,0,-1,1,1
200501BS70236,1,1,1,1,5,3,0,0,0,0,-1,5,1
200501BS70237,1,1,1,1,7,3,0,0,0,0,-1,5,1
200501BS70238,2,1,1,1,6,3,0,0,0,0,-1,1,1
200501BS70239,1,1,3,2,8,2,6,9,0,0,-1,0,1
200501BS70240,2,1,1,1,5,3,0,0,0,0,-1,1,1
200501BS70241,1,1,2,2,7,3,0,0,2,0,-1,8,-1
200501BS70243,1,1,1,1,7,3,0,0,0,0,-1,9,1
200501BS70244,1,1,1,2,6,3,0,0,0,0,-1,9,1
200501BS70245,2,1,1,1,5,3,0,0,0,0,-1,3,1
200501BS70247,2,1,1,2,8,3,0,0,0,0,-1,1,-1
200501BS70248,1,1,3,1,11,3,5,3,0,0,-1,0,1
200501BS70249,1,1,1,1,8,3,0,0,0,0,-1,3,-1
200501BS70250,1,1,2,2,11,3,0,0,0,2,-1,11,-1
200501BS70251,2,1,1,1,7,3,0,0,0,0,-1,5,1
200501BS70252,2,1,1,1,6,3,0,0,0,0,-1,3,1
200501BS70253,1,1,1,1,6,3,0,0,0,0,-1,5,1
200501BS70254,1,1,1,1,6,3,0,0,0,0,-1,3,-1
200501BS70255,2,1,2,2,6,3,0,0,0,3,-1,11,-1
200501BS70255,2,2,2,1,1,3,0,0,0,3,-1,11,-1
200501BS70256,1,1,3,2,4,3,5,1,0,0,-1,0,1
200501BS70258,1,1,1,1,5,3,0,0,0,0,-1,1,1
200501BS70259,1,1,1,1,6,3,0,0,0,0,-1,3,1
200501BS70259,2,2,1,1,-1,3,0,0,0,0,-1,1,-1
200501BS70260,1,1,1,1,5,3,0,0,0,0,-1,3,1
200501BS70261,2,1,1,1,6,3,0,0,0,0,-1,1,1
200501BS70262,2,1,1,1,7,3,0,0,0,0,-1,3,1
200501BS70263,2,1,1,1,7,3,0,0,0,0,-1,5,1
200501BS70264,1,1,1,1,6,3,0,0,0,0,-1,9,1
200501BS70266,1,1,1,1,5,2,0,0,0,0,-1,1,1
200501BS70267,2,1,1,1,6,3,0,0,0,0,-1,9,1
200501BS70268,1,1,2,2,11,3,0,0,0,3,-1,11,1
200501BS70269,1,1,1,1,6,3,0,0,0,0,-1,2,1
200501BS70270,2,1,1,1,7,3,0,0,0,0,-1,1,-1
200501BS70271,1,1,2,2,11,3,0,0,0,2,-1,11,1
200501BS70271,2,2,1,2,8,3,0,0,0,0,-1,1,1
200501BS70272,1,1,1,2,5,2,0,0,0,0,-1,1,1
200501BS70273,1,1,3,2,11,3,5,2,0,0,-1,0,1
200501BS70274,2,1,1,1,8,3,0,0,0,0,-1,5,1
200501BS70275,2,1,1,2,6,3,0,0,0,0,-1,9,1
200501BS70276,1,1,2,2,8,2,0,0,0,2,-1,11,-1
200501BS70277,2,1,1,1,8,2,0,0,0,0,-1,3,1
200501BS70278,2,1,2,2,-1,2,0,0,0,0,-1,3,-1
200501BS70279,1,1,1,1,6,2,0,0,0,0,-1,1,1
200501BS70280,1,1,3,1,5,3,5,1,0,0,-1,0,1
200501BS70281,1,1,1,1,7,3,0,0,0,0,-1,1,1
200501BS70282,1,1,1,1,6,3,0,0,0,0,-1,2,1
200501BS70283,1,1,3,1,5,3,6,9,0,0,-1,0,1
200501BS70284,2,1,1,1,9,3,0,0,0,0,-1,5,1
200501BS70285,1,1,1,1,4,3,0,0,0,0,-1,3,1
200501BS70286,1,1,3,1,4,3,4,1,0,0,-1,0,3
200501BS70287,2,1,1,1,6,3,0,0,0,0,-1,3,1
200501BS70288,1,1,3,1,2,3,1,1,0,0,-1,0,1
200501BS70289,1,1,1,2,6,3,0,0,0,0,-1,9,1
200501BS70290,1,1,1,1,6,3,0,0,0,0,-1,5,1
200501BS70291,1,1,1,1,7,3,0,0,0,0,-1,9,1
200501BS70292,1,1,1,1,7,3,0,0,0,0,-1,9,1
200501BS70292,2,2,1,1,7,3,0,0,0,0,-1,5,-1
200501BS70293,1,1,3,1,6,3,5,3,0,0,-1,0,1
200501BS70294,1,1,1,1,8,3,0,0,0,0,-1,8,1
200501BS70295,1,1,2,1,-1,3,0,0,2,0,-1,9,-1
200501BS70296,1,1,1,2,9,3,0,0,0,0,-1,5,1
200501BS70297,3,1,1,1,9,3,0,0,0,0,-1,8,1
200501BS70298,1,1,1,1,8,2,0,0,0,0,-1,3,1
200501BS70299,1,1,1,1,6,3,0,0,0,0,-1,1,1
200501BS70300,1,1,1,2,7,3,0,0,0,0,-1,9,1
200501BS70301,2,1,1,1,6,2,0,0,0,0,-1,1,-1
200501BS70302,2,1,1,2,8,3,0,0,0,0,-1,9,2
200501BS70303,1,1,1,1,6,3,0,0,0,0,-1,9,1
200501BS70303,2,2,2,2,8,3,0,0,0,4,-1,11,1
200501BS70304,1,1,3,1,7,3,5,1,0,0,-1,0,1
200501BS70305,1,1,3,1,6,3,4,3,0,0,-1,0,1
200501BS70306,1,1,1,2,6,3,0,0,0,0,-1,1,1
200501BS70307,1,1,1,2,5,3,0,0,0,0,-1,3,1
200501BS70308,1,1,3,1,8,3,1,1,0,0,-1,0,1
200501BS70309,1,1,2,2,8,3,0,0,0,3,-1,11,1
200501BS70310,1,1,1,1,5,3,0,0,0,0,-1,9,1
200501BS70311,1,1,1,1,6,3,0,0,0,0,-1,2,1
200501BS70312,2,1,2,1,1,3,0,0,2,0,-1,9,1
200501BS70313,1,1,2,2,8,3,0,0,0,3,-1,11,1
200501BS70314,1,1,2,2,7,3,0,0,0,3,-1,11,1
200501BS70315,1,3,2,2,-1,3,0,0,0,3,-1,11,1
200501BS70315,2,1,1,1,6,3,0,0,0,0,-1,21,1
200501BS70315,2,2,2,1,6,3,0,0,0,0,-1,21,1
200501BS70317,1,1,3,2,6,3,1,3,0,0,-1,0,-1
200501BS70318,1,1,1,1,6,3,0,0,0,0,-1,5,1
200501BS70319,1,1,1,1,5,3,0,0,0,0,-1,3,1
200501BS70319,2,2,1,1,5,3,0,0,0,0,-1,1,1
200501BS70321,1,1,3,2,7,3,5,1,0,0,-1,0,1
200501BS70322,1,1,1,1,5,3,0,0,0,0,-1,9,1
200501BS70322,1,2,2,1,-1,2,0,0,1,0,-1,9,1
200501BS70323,2,1,1,1,7,3,0,0,0,0,-1,1,1
200501BS70324,1,1,2,1,11,3,0,0,0,4,-1,11,1
200501BS70325,1,1,1,2,6,3,0,0,0,0,-1,9,1
200501BS70326,2,1,1,1,7,3,0,0,0,0,-1,1,1
200501BS70327,2,1,3,2,6,3,5,1,0,0,-1,0,1
200501BS70328,2,1,1,1,6,3,0,0,0,0,-1,9,1
200501BS70329,2,1,1,1,6,3,0,0,0,0,-1,5,1
200501BS70330,1,1,1,1,6,3,0,0,0,0,-1,1,1
200501BS70331,1,1,3,2,5,3,1,3,0,0,-1,0,1
200501BS70331,1,2,1,1,7,2,0,0,0,0,-1,5,1
200501BS70332,1,1,1,2,-1,3,0,0,0,0,-1,9,1
200501BS70333,1,1,1,1,6,3,0,0,0,0,-1,2,1
200501BS70334,2,1,1,2,6,3,0,0,0,0,-1,1,-1
200501BS70335,1,1,1,1,7,3,0,0,0,0,-1,9,1
200501BS70336,1,1,3,1,9,3,5,3,0,0,-1,0,1
200501BS70337,1,1,3,2,9,3,4,3,0,0,-1,0,1
200501BS70338,1,1,1,2,9,3,0,0,0,0,-1,1,1
200501BS70339,2,1,1,1,6,3,0,0,0,0,-1,4,1
200501BS70339,2,2,2,2,6,3,0,0,0,0,-1,4,1
200501BS70340,2,1,1,1,6,2,0,0,0,0,-1,5,1
200501BS70341,2,1,1,1,4,3,0,0,0,0,-1,1,-1
200501BS70342,1,1,2,1,-1,3,0,0,1,0,-1,9,1
200501BS70343,1,1,1,1,7,3,0,0,0,0,-1,1,1
200501BS70344,1,1,1,1,8,2,0,0,0,0,-1,9,-1
200501BS70346,2,1,1,1,6,3,0,0,0,0,-1,2,1
200501BS70347,2,1,1,1,5,3,0,0,0,0,-1,1,1
200501BS70348,2,1,1,2,5,3,0,0,0,0,-1,1,-1
200501BS70349,1,1,3,1,5,3,4,3,0,0,-1,0,1
200501BS70350,2,1,1,1,6,3,0,0,0,0,-1,3,-1
200501BS70351,1,1,1,1,9,3,0,0,0,0,-1,8,-1
200501BS70352,1,1,1,1,8,2,0,0,0,0,-1,5,1
200501BS70353,1,1,1,1,5,3,0,0,0,0,-1,90,-1
200501BS70354,1,1,1,1,7,3,0,0,0,0,-1,9,1
200501BS70355,2,1,1,1,6,3,0,0,0,0,-1,1,1
200501BS70356,1,1,2,2,6,3,0,0,0,3,-1,11,1
200501BS70356,1,2,3,1,1,3,5,1,0,0,-1,0,1
200501BS70357,2,1,1,1,7,2,0,0,0,0,-1,1,1
200501BS70358,1,1,2,2,7,3,0,0,1,0,-1,9,1
200501BS70358,1,2,1,1,6,3,0,0,0,0,-1,9,1
200501BS70359,1,1,1,1,6,3,0,0,0,0,-1,1,1
200501BS70360,1,1,3,1,6,3,9,5,0,0,-1,0,1
200501BS70361,2,1,1,1,5,3,0,0,0,0,-1,1,1
200501BS70362,1,1,1,2,4,3,0,0,0,0,-1,9,1
200501BS70363,2,1,1,2,7,3,0,0,0,0,-1,1,-1
200501BS70364,2,1,1,1,6,3,0,0,0,0,-1,1,1
200501BS70365,2,1,1,2,10,2,0,0,0,0,-1,9,1
200501BS70366,1,1,1,2,7,3,0,0,0,0,-1,9,1
200501BS70367,1,1,1,1,7,3,0,0,0,0,-1,5,1
200501BS70369,3,1,1,1,6,3,0,0,0,0,-1,1,1
200501BS70370,1,1,1,1,8,3,0,0,0,0,-1,8,1
200501BS70371,2,1,1,1,6,3,0,0,0,0,-1,2,1
200501BS70372,2,1,1,1,-1,2,0,0,0,0,-1,4,1
200501BS70373,1,1,3,1,5,3,5,1,0,0,-1,0,1
200501BS70374,1,1,1,1,6,3,0,0,0,0,-1,1,1
200501BS70375,2,1,1,1,9,3,0,0,0,0,-1,1,1
200501BS70376,1,1,1,2,7,2,0,0,0,0,-1,9,-1
200501BS70377,1,1,1,1,6,3,0,0,0,0,-1,1,1
200501BS70378,1,1,1,1,6,3,0,0,0,0,-1,9,1
200501BS70379,2,1,1,1,7,2,0,0,0,0,-1,3,1
200501BS70380,1,1,1,2,6,2,0,0,0,0,-1,1,1
200501BS70381,1,1,3,1,2,3,5,4,0,0,-1,0,1
200501BS70382,1,1,1,1,7,3,0,0,0,0,-1,5,1
200501BS70383,1,1,2,2,5,3,0,0,0,2,-1,11,-1
200501BS70384,2,1,1,1,9,3,0,0,0,0,-1,1,-1
200501BS70385,1,2,1,1,6,3,0,0,0,0,-1,9,1
200501BS70385,1,3,2,1,6,3,0,0,1,0,-1,9,1
200501BS70385,1,4,2,2,5,3,0,0,2,0,-1,9,1
200501BS70385,2,1,1,1,6,3,0,0,0,0,-1,9,1
200501BS70386,1,1,3,2,8,3,9,9,0,0,-1,0,1
200501BS70387,2,1,1,1,6,3,0,0,0,0,-1,1,1
200501BS70388,2,1,1,2,6,2,0,0,0,0,-1,3,1
200501BS70389,1,1,3,2,5,2,1,3,0,0,-1,0,1
200501BS70391,1,1,2,2,6,2,0,0,0,3,-1,11,1
200501BS70392,1,1,1,1,8,3,0,0,0,0,-1,8,1
200501BS70393,2,1,1,1,7,3,0,0,0,0,-1,4,1
200501BS70394,1,1,2,2,8,3,0,0,0,4,-1,11,-1
200501BS70395,2,1,1,1,6,3,0,0,0,0,-1,5,1
200501BS70396,1,1,3,2,8,3,5,3,0,0,-1,0,1
200501BS70398,2,1,1,1,7,3,0,0,0,0,-1,5,1
200501BS70399,1,1,1,2,8,2,0,0,0,0,-1,9,1
200501BS70400,1,1,3,1,8,3,1,1,0,0,-1,0,1
200501BS70401,1,1,3,2,7,3,4,1,0,0,-1,0,1
200501BS70402,1,1,1,2,8,3,0,0,0,0,-1,1,1
200501BS70403,1,1,1,1,6,3,0,0,0,0,-1,1,1
200501BS70404,2,1,1,2,-1,3,0,0,0,0,-1,1,-1
200501BS70405,1,1,3,1,-1,3,5,1,0,0,-1,0,-1
200501BS70406,1,1,2,2,6,3,0,0,0,0,-1,5,-1
200501BS70407,1,1,1,1,9,3,0,0,0,0,-1,1,1
200501BS70408,1,1,1,2,7,3,0,0,0,0,-1,1,1
200501BS70409,1,1,1,2,8,3,0,0,0,0,-1,1,1
200501BS70410,2,1,1,1,6,3,0,0,0,0,-1,1,1
200501BS70411,1,1,3,2,4,2,1,3,0,0,-1,0,1
200501BS70412,2,1,2,2,-1,3,0,0,1,0,-1,9,1
200501BS70413,1,1,1,1,5,3,0,0,0,0,-1,2,1
200501BS70414,1,1,1,1,6,3,0,0,0,0,-1,3,1
200501BS70415,2,1,1,1,6,3,0,0,0,0,-1,1,1
200501BS70416,1,1,3,2,9,3,6,9,0,0,-1,0,-1
200501BS70417,1,1,1,1,6,3,0,0,0,0,-1,1,1
200501BS70419,1,1,1,1,6,3,0,0,0,0,-1,3,1
200501BS70420,2,1,1,1,-1,3,0,0,0,0,-1,1,-1
200501BS70421,1,1,3,1,7,2,4,3,0,0,-1,0,1
200501BS70421,1,2,1,1,7,3,0,0,0,0,-1,5,-1
200501BS70422,1,1,1,1,6,3,0,0,0,0,-1,2,1
200501BS70423,1,1,2,1,5,3,0,0,1,0,-1,9,1
200501BS70423,1,2,1,2,6,3,0,0,0,0,-1,9,1
200501BS70424,2,1,1,1,5,3,0,0,0,0,-1,1,1
200501BS70425,2,1,1,2,6,3,0,0,0,0,-1,2,1
200501BS70426,1,1,1,2,-1,3,0,0,0,0,-1,9,1
200501BS70427,1,1,1,1,7,3,0,0,0,0,-1,5,-1
200501BS70429,1,1,3,2,7,3,1,1,0,0,-1,0,-1
200501BS70430,1,1,1,2,-1,3,0,0,0,0,-1,9,1
200501BS70431,2,1,1,1,5,3,0,0,0,0,-1,2,1
200501BS70432,1,1,3,1,5,3,9,6,0,0,-1,0,1
200501BS70433,2,1,1,1,6,2,0,0,0,0,-1,5,1
200501BS70434,2,1,2,2,2,3,0,0,2,0,-1,9,1
200501BS70435,1,1,1,1,5,3,0,0,0,0,-1,1,1
200501BS70436,1,1,1,1,7,3,0,0,0,0,-1,9,1
200501BS70437,1,1,1,1,7,3,0,0,0,0,-1,3,1
200501BS70438,2,1,1,1,6,2,0,0,0,0,-1,1,-1
200501BS70439,1,1,1,1,6,3,0,0,0,0,-1,3,1
200501BS70440,1,1,3,1,6,2,10,1,0,0,-1,0,-1
200501BS70441,1,1,1,1,4,3,0,0,0,0,-1,9,1
200501BS70441,1,2,3,1,2,3,6,9,0,0,-1,0,-1
200501BS70441,1,3,3,2,3,3,6,9,0,0,-1,0,1
200501BS70441,1,4,3,2,3,3,6,9,0,0,-1,0,1
200501BS70441,1,5,3,2,1,3,6,9,0,0,-1,0,1
200501BS70441,1,6,2,2,4,3,0,0,1,0,-1,9,1
200501BS70441,1,7,3,2,7,3,6,9,0,0,-1,0,-1
200501BS70441,1,8,2,2,7,3,0,0,2,0,-1,9,-1
200501BS70442,1,1,3,2,-1,3,5,3,0,0,-1,0,-1
200501BS70444,2,1,1,1,4,3,0,0,0,0,-1,9,1
200501BS70444,2,2,2,2,5,3,0,0,1,0,-1,9,1
200501BS70445,2,1,1,2,6,3,0,0,0,0,-1,1,1
200501BS70446,1,1,3,2,10,3,4,1,0,0,-1,0,1
200501BS70447,2,1,1,1,6,2,0,0,0,0,-1,1,1
200501BS70448,1,1,1,2,8,3,0,0,0,0,-1,1,1
200501BS70449,2,1,1,2,10,3,0,0,0,0,-1,1,1
200501BS70450,1,1,1,1,8,2,0,0,0,0,-1,5,1
200501BS70451,1,1,1,1,6,3,0,0,0,0,-1,1,1
200501BS70452,1,1,3,2,8,3,4,1,0,0,-1,0,-1
200501BS70453,1,1,1,1,6,3,0,0,0,0,-1,2,-1
200501BS70453,1,2,3,2,9,3,1,1,0,0,-1,0,-1
200501BS70456,1,1,1,1,8,3,0,0,0,0,-1,21,-1
200501BS70456,2,2,1,1,7,3,0,0,0,0,-1,19,1
200501BS70458,1,1,1,1,6,3,0,0,0,0,-1,3,1
200501BS70459,1,1,3,2,7,3,6,9,0,0,-1,0,1
200501BS70460,1,1,3,2,6,3,5,2,0,0,-1,0,1
200501BS70461,1,1,1,1,7,2,0,0,0,0,-1,5,1
200501BS70462,1,1,1,1,9,3,0,0,0,0,-1,1,1
200501BS70463,1,1,1,2,7,3,0,0,0,0,-1,5,1
200501BS70464,1,1,1,1,5,3,0,0,0,0,-1,9,3
200501BS70464,2,2,2,2,2,3,0,0,2,0,-1,9,1
200501BS70464,2,3,2,2,1,3,0,0,2,0,-1,9,-1
200501BS70465,1,1,3,1,6,3,5,1,0,0,-1,0,-1
200501BS70466,1,1,3,1,5,2,5,1,0,0,-1,0,1
200501BS70467,2,1,1,2,5,3,0,0,0,0,-1,2,1
200501BS70468,1,1,1,1,6,3,0,0,0,0,-1,9,1
200501BS70469,1,1,1,1,6,3,0,0,0,0,-1,2,1
200501BS70470,1,1,1,1,6,3,0,0,0,0,-1,5,1
200501BS70471,2,1,1,1,9,3,0,0,0,0,-1,9,-1
200501BS70472,1,1,1,1,5,3,0,0,0,0,-1,9,1
200501BS70472,1,2,2,2,5,3,0,0,2,0,-1,9,-1
200501BS70473,1,1,1,1,4,3,0,0,0,0,-1,3,-1
200501BS70474,1,1,3,2,5,2,1,3,0,0,-1,0,1
200501BS70475,1,1,3,1,-1,3,1,1,0,0,-1,0,-1
200501BS70479,2,1,1,2,6,3,0,0,0,0,-1,1,1
200501BS70480,1,1,3,2,6,3,4,1,0,0,-1,0,1
200501BS70481,1,1,1,1,6,3,0,0,0,0,-1,3,1
200501BS70482,1,1,1,2,8,3,0,0,0,0,-1,9,1
200501BS70483,1,1,1,1,6,3,0,0,0,0,-1,8,1
200501BS70483,2,2,1,1,6,3,0,0,0,0,-1,11,1
200501BS70484,1,1,3,1,6,3,5,3,0,0,-1,0,1
200501BS70485,1,1,3,1,7,3,4,1,0,0,-1,0,1
200501BS70486,2,1,1,1,11,3,0,0,0,0,-1,90,1
200501BS70487,1,1,3,1,6,3,5,3,0,0,-1,0,1
200501BS70488,2,1,1,1,7,3,0,0,0,0,-1,1,-1
200501BS70489,2,1,1,1,7,3,0,0,0,0,-1,5,1
200501BS70490,1,1,1,1,4,3,0,0,0,0,-1,3,-1
200501BS70491,2,1,1,1,6,3,0,0,0,0,-1,5,1
200501BS70493,1,1,3,1,10,2,1,1,0,0,-1,0,-1
200501BS70494,1,1,1,1,5,3,0,0,0,0,-1,1,1
200501BS70495,1,1,1,2,5,3,0,0,0,0,-1,9,1
200501BS70496,1,1,2,2,4,3,0,0,0,0,-1,3,-1
200501BS70497,1,1,1,1,6,3,0,0,0,0,-1,3,1
200501BS70498,1,1,3,1,6,3,6,9,0,0,-1,0,1
200501BS70499,1,1,1,1,7,3,0,0,0,0,-1,9,-1
200501BS70500,1,1,3,1,4,3,5,3,0,0,-1,0,1
200501BS70501,1,1,1,1,6,3,0,0,0,0,-1,9,1
200501BS70502,1,1,1,1,7,3,0,0,0,0,-1,5,1
200501BS70503,1,1,3,2,8,2,5,2,0,0,-1,0,1
200501BS70504,1,1,1,1,7,3,0,0,0,0,-1,4,1
200501BS70505,1,1,3,1,7,3,9,5,0,0,-1,0,1
200501BS70506,1,1,3,1,5,3,5,1,0,0,-1,0,1
200501BS70507,1,1,1,1,7,3,0,0,0,0,-1,4,1
200501BS70508,2,1,1,1,6,3,0,0,0,0,-1,3,1
200501BS70509,1,1,3,1,6,3,5,1,0,0,-1,0,-1
200501BS70510,1,1,1,2,6,3,0,0,0,0,-1,9,1
200501BS70511,1,1,3,2,9,3,4,1,0,0,-1,0,1
200501BS70513,1,1,3,1,9,3,4,1,0,0,-1,0,1
200501BS70514,1,1,1,1,6,3,0,0,0,0,-1,5,-1
200501BS70515,2,1,1,1,6,3,0,0,0,0,-1,3,1
200501BS70516,1,1,1,1,6,3,0,0,0,0,-1,19,1
200501BS70517,1,1,1,1,7,2,0,0,0,0,-1,2,1
200501BS70518,2,1,1,1,9,3,0,0,0,0,-1,2,1
200501BS70519,1,1,1,2,6,3,0,0,0,0,-1,1,1
200501BS70521,1,1,3,2,7,3,4,1,0,0,-1,0,-1
200501BS70523,1,1,1,1,6,2,0,0,0,0,-1,5,1
200501BS70524,2,1,1,1,8,2,0,0,0,0,-1,1,1
200501BS70525,1,1,3,2,6,3,5,1,0,0,-1,0,1
200501BS70526,1,1,1,1,7,3,0,0,0,0,-1,5,-1
200501BS70527,1,1,3,1,7,3,1,3,0,0,-1,0,1
200501BS70528,2,1,1,1,9,3,0,0,0,0,-1,1,1
200501BS70529,1,1,3,1,6,2,5,1,0,0,-1,0,1
200501BS70530,1,1,3,1,-1,3,4,1,0,0,-1,0,-1
200501BS70531,1,1,1,1,7,3,0,0,0,0,-1,5,-1
200501BS70532,1,1,2,1,4,3,0,0,1,0,-1,9,1
200501BS70533,1,1,3,1,7,3,10,9,0,0,-1,0,-1
200501BS70534,2,1,1,2,6,3,0,0,0,0,-1,1,1
200501BS70535,1,1,3,1,6,3,6,9,0,0,-1,0,1
200501BS70535,2,2,1,1,7,3,0,0,0,0,-1,8,1
200501BS70536,2,1,1,1,6,3,0,0,0,0,-1,1,1
200501BS70537,1,1,3,2,6,3,5,1,0,0,-1,0,1
200501BS70538,1,1,3,1,11,3,10,1,0,0,-1,0,-1
200501BS70539,1,1,1,1,8,3,0,0,0,0,-1,4,1
200501BS70540,1,1,3,2,6,2,4,3,0,0,-1,0,-1
200501BS70540,2,2,1,1,6,3,0,0,0,0,-1,4,1
200501BS70541,1,1,3,2,3,3,4,1,0,0,-1,0,1
200501BS70541,1,2,3,2,3,3,4,1,0,0,-1,0,1
200501BS70542,2,1,1,1,5,3,0,0,0,0,-1,3,1
200501BS70543,1,1,1,1,3,3,0,0,0,0,-1,1,-1
200501BS70545,2,1,1,2,8,3,0,0,0,0,-1,4,1
200501BS70546,1,1,3,1,7,2,4,1,0,0,-1,0,1
200501BS70547,1,1,3,1,9,3,5,1,0,0,-1,0,1
200501BS70548,1,1,1,1,5,3,0,0,0,0,-1,4,1
200501BS70549,1,1,1,2,6,3,0,0,0,0,-1,1,1
200501BS70550,1,1,1,1,6,3,0,0,0,0,-1,9,1
200501BS70551,1,1,1,2,7,3,0,0,0,0,-1,8,1
200501BS70552,1,1,1,2,6,3,0,0,0,0,-1,9,1
200501BS70554,1,1,1,2,7,3,0,0,0,0,-1,9,1
200501BS70555,1,1,3,1,9,3,10,9,0,0,-1,0,1
200501BS70556,1,1,1,1,9,3,0,0,0,0,-1,9,1
200501BS70557,1,1,3,2,1,2,5,2,0,0,-1,0,1
200501BS70558,2,1,1,1,3,3,0,0,0,0,-1,1,-1
200501BS70559,1,1,3,1,7,3,5,3,0,0,-1,0,1
200501BS70561,1,1,3,1,6,3,1,3,0,0,-1,0,-1
200501BS70562,1,1,3,2,6,2,4,3,0,0,-1,0,-1
200501BS70564,1,1,3,2,7,3,10,9,0,0,-1,0,1
200501BS70565,1,1,1,2,7,3,0,0,0,0,-1,9,1
200501BS70566,2,1,1,1,7,3,0,0,0,0,-1,5,1
200501BS70567,2,1,2,2,5,3,0,0,0,0,-1,3,1
200501BS70568,1,1,3,2,11,3,9,5,0,0,-1,0,1
200501BS70569,1,1,1,1,6,2,0,0,0,0,-1,1,1
200501BS70570,1,1,1,2,5,2,0,0,0,0,-1,2,1
200501BS70571,2,1,1,1,7,2,0,0,0,0,-1,1,1
200501BS70572,1,1,1,1,4,3,0,0,0,0,-1,2,1
200501BS70574,1,1,2,2,7,3,0,0,1,0,-1,9,1
200501BS70575,1,1,2,1,6,3,0,0,2,0,-1,9,1
200501BS70575,1,2,2,1,8,3,0,0,1,0,-1,9,1
200501BS70576,2,1,1,2,6,3,0,0,0,0,-1,9,1
200501BS70577,2,1,1,2,6,3,0,0,0,0,-1,9,1
200501BS70578,2,1,1,1,6,3,0,0,0,0,-1,3,1
200501BS70579,1,1,1,1,11,3,0,0,0,0,-1,3,1
200501BS70580,1,1,1,2,6,3,0,0,0,0,-1,1,1
200501BS70581,1,1,1,2,9,3,0,0,0,0,-1,9,1
200501BS70582,1,1,1,2,7,3,0,0,0,0,-1,9,1
200501BS70582,2,2,1,1,6,3,0,0,0,0,-1,4,1
200501BS70583,1,1,1,1,6,3,0,0,0,0,-1,2,1
200501BS70585,1,1,2,1,5,3,0,0,1,0,-1,9,1
200501BS70587,1,1,3,1,9,3,5,1,0,0,-1,0,1
200501BS70588,1,1,1,1,-1,3,0,0,0,0,-1,9,1
200501BS70589,1,1,3,2,8,3,5,1,0,0,-1,0,1
200501BS70590,1,1,1,2,6,3,0,0,0,0,-1,3,1
200501BS70591,2,1,1,1,2,3,0,0,0,0,-1,1,-1
200501BS70592,1,1,1,1,6,3,0,0,0,0,-1,3,1
200501BS70593,2,1,1,1,7,3,0,0,0,0,-1,1,-1
200501BS70594,1,1,1,2,5,3,0,0,0,0,-1,9,1
200501BS70595,1,1,3,2,6,3,1,1,0,0,-1,0,-1
200501BS70596,1,1,1,1,6,3,0,0,0,0,-1,9,2
200501BS70596,2,2,1,1,4,3,0,0,0,0,-1,9,1
200501BS70596,2,3,2,1,4,3,0,0,1,0,-1,9,1
200501BS70596,2,4,2,1,4,3,0,0,2,0,-1,9,1
200501BS70597,1,1,3,2,7,3,9,9,0,0,-1,0,-1
200501BS70598,1,1,1,1,7,2,0,0,0,0,-1,8,1
200501BS70599,1,1,3,1,9,2,1,3,0,0,-1,0,-1
200501BS70600,2,1,1,2,6,3,0,0,0,0,-1,2,-1
200501BS70601,1,1,3,1,7,3,5,2,0,0,-1,0,-1
200501BS70602,1,1,3,2,5,3,5,3,0,0,-1,0,-1
200501BS70603,1,1,1,1,6,3,0,0,0,0,-1,1,1
200501BS70604,1,1,1,1,5,3,0,0,0,0,-1,3,1
200501BS70605,1,1,3,2,-1,2,1,1,0,0,-1,0,-1
200501BS70606,1,1,1,1,7,3,0,0,0,0,-1,4,1
200501BS70606,2,2,1,1,6,3,0,0,0,0,-1,9,1
200501BS70607,1,1,1,1,6,3,0,0,0,0,-1,19,1
200501BS70607,2,2,2,2,6,3,0,0,2,0,-1,9,-1
200501BS70608,1,1,3,1,7,3,9,5,0,0,-1,0,1
200501BS70609,2,1,1,1,5,3,0,0,0,0,-1,2,1
200501BS70610,1,3,2,1,4,3,0,0,2,0,-1,9,1
200501BS70610,2,1,1,2,6,2,0,0,0,0,-1,9,1
200501BS70610,2,2,2,1,6,3,0,0,1,0,-1,9,1
200501BS70611,2,1,1,1,10,3,0,0,0,0,-1,9,3
200501BS70613,1,1,1,2,6,3,0,0,0,0,-1,2,1
200501BS70614,1,1,3,1,1,3,10,9,0,0,-1,0,-1
200501BS70615,1,1,3,2,11,3,5,9,0,0,-1,0,3
200501BS70616,1,1,1,2,6,2,0,0,0,0,-1,3,1
200501BS70617,2,1,1,2,7,3,0,0,0,0,-1,1,-1
200501BS70618,1,1,1,1,6,3,0,0,0,0,-1,9,1
200501BS70618,1,2,2,1,-1,3,0,0,1,0,-1,9,-1
200501BS70618,1,3,2,2,-1,3,0,0,2,0,-1,9,-1
200501BS70618,1,4,2,2,-1,3,0,0,2,0,-1,9,-1
200501BS70619,1,1,1,1,5,3,0,0,0,0,-1,9,1
200501BS70619,2,2,1,2,5,3,0,0,0,0,-1,9,1
200501BS70620,1,1,1,1,7,3,0,0,0,0,-1,3,1
200501BS70620,1,2,3,1,3,3,4,3,0,0,-1,0,1
200501BS70621,2,1,1,1,8,3,0,0,0,0,-1,5,1
200501BS70622,1,1,3,2,7,3,5,3,0,0,-1,0,-1
200501BS70623,1,1,2,2,8,3,0,0,0,2,-1,11,1
200501BS70624,1,1,1,1,8,3,0,0,0,0,-1,9,-1
200501BS70625,2,1,1,2,6,3,0,0,0,0,-1,1,1
200501BS70626,1,1,2,1,-1,3,0,0,0,3,-1,11,1
200501BS70627,1,1,3,2,5,3,6,9,0,0,-1,0,-1
200501BS70628,2,1,1,1,7,3,0,0,0,0,-1,9,1
200501BS70629,1,1,2,2,10,2,0,0,0,3,-1,11,1
200501BS70630,1,1,1,1,6,3,0,0,0,0,-1,5,1
200501BS70630,1,2,2,2,6,2,0,0,0,0,-1,5,1
200501BS70631,1,1,3,1,8,3,4,1,0,0,-1,0,-1
200501BS70632,2,1,1,1,6,2,0,0,0,0,-1,3,1
200501BS70633,1,1,1,1,6,3,0,0,0,0,-1,9,1
200501BS70634,1,1,1,2,6,3,0,0,0,0,-1,1,1
200501BS70635,2,1,1,2,6,3,0,0,0,0,-1,9,1
200501BS70637,2,1,1,1,6,3,0,0,0,0,-1,1,1
200501BS70638,1,1,1,1,6,2,0,0,0,0,-1,5,1
200501BS70640,1,1,1,1,6,2,0,0,0,0,-1,3,1
200501BS70641,1,1,3,2,3,3,1,3,0,0,-1,0,1
200501BS70642,1,1,3,2,6,3,1,1,0,0,-1,0,-1
200501BS70643,1,1,1,2,6,3,0,0,0,0,-1,3,1
200501BS70644,1,1,1,1,7,3,0,0,0,0,-1,1,1
200501BS70645,2,1,1,2,5,3,0,0,0,0,-1,1,1
200501BS70646,1,1,3,2,2,3,1,3,0,0,-1,0,1
200501BS70647,2,1,1,2,8,2,0,0,0,0,-1,1,1
200501BS70648,1,1,3,1,10,2,1,1,0,0,-1,0,-1
200501BS70649,1,1,1,1,7,3,0,0,0,0,-1,3,1
200501BS70650,2,1,1,2,8,3,0,0,0,0,-1,1,-1
200501BS70651,2,1,1,2,-1,3,0,0,0,0,-1,1,-1
200501BS70652,2,1,1,2,6,3,0,0,0,0,-1,2,1
200501BS70653,1,2,2,1,6,3,0,0,2,0,-1,8,1
200501BS70653,2,1,1,1,8,3,0,0,0,0,-1,9,1
200501BS70654,2,1,1,2,5,3,0,0,0,0,-1,9,1
200501BS70655,1,1,1,1,6,3,0,0,0,0,-1,1,1
200501BS70656,1,1,1,2,5,3,0,0,0,0,-1,3,1
200501BS70657,2,1,1,1,6,3,0,0,0,0,-1,3,-1
200501BS70658,1,1,1,1,9,3,0,0,0,0,-1,3,1
200501BS70659,1,1,1,1,6,3,0,0,0,0,-1,3,1
200501BS70660,2,1,1,1,7,3,0,0,0,0,-1,5,1
200501BS70661,1,1,1,1,9,3,0,0,0,0,-1,9,-1
200501BS70661,1,2,3,2,11,2,1,1,0,0,-1,0,-1
200501BS70662,1,1,1,2,6,3,0,0,0,0,-1,3,1
200501BS70663,1,1,3,1,3,3,10,9,0,0,-1,0,-1
200501BS70664,1,1,1,1,6,3,0,0,0,0,-1,3,1
200501BS70666,1,1,3,2,11,3,5,1,0,0,-1,0,-1
200501BS70667,2,1,1,1,6,3,0,0,0,0,-1,1,-1
200501BS70668,1,1,1,1,7,3,0,0,0,0,-1,9,1
200501BS70668,1,2,2,2,-1,3,0,0,1,0,-1,9,1
200501BS70669,1,1,1,1,6,3,0,0,0,0,-1,5,1
200501BS70670,1,1,1,2,6,3,0,0,0,0,-1,9,1
200501BS70671,1,1,1,1,8,3,0,0,0,0,-1,9,1
200501BS70671,2,2,1,1,5,3,0,0,0,0,-1,9,1
200501BS70672,1,1,1,1,6,3,0,0,0,0,-1,3,1
200501BS70673,1,1,3,1,-1,2,4,1,0,0,-1,0,1
200501BS70674,2,1,1,1,7,3,0,0,0,0,-1,1,1
200501BS70675,2,1,1,1,3,3,0,0,0,0,-1,1,1
200501BS70676,1,1,1,1,5,3,0,0,0,0,-1,2,1
200501BS70677,1,1,3,1,5,2,10,9,0,0,-1,0,1
200501BS70678,1,1,3,2,-1,3,4,1,0,0,-1,0,1
200501BS70679,1,1,1,1,10,3,0,0,0,0,-1,8,1
200501BS70679,2,2,1,2,8,3,0,0,0,0,-1,9,1
200501BS70680,1,1,2,2,9,3,0,0,0,4,-1,11,1
200501BS70681,1,1,2,1,6,3,0,0,2,0,-1,8,-1
200501BS70683,2,1,1,2,-1,3,0,0,0,0,-1,1,-1
200501BS70684,1,1,3,2,6,3,6,9,0,0,-1,0,1
200501BS70684,1,2,1,1,7,3,0,0,0,0,-1,9,1
200501BS70685,1,1,1,1,7,3,0,0,0,0,-1,9,1
200501BS70687,2,1,1,1,6,3,0,0,0,0,-1,9,1
200501BS70688,1,1,3,2,6,3,10,1,0,0,-1,0,1
200501BS70689,1,1,1,1,6,3,0,0,0,0,-1,5,1
200501BS70690,1,1,1,2,6,3,0,0,0,0,-1,9,-1
200501BS70691,1,1,1,1,7,2,0,0,0,0,-1,1,1
200501BS70692,2,1,1,2,6,3,0,0,0,0,-1,1,1
200501BS70693,2,1,3,1,9,3,9,9,0,0,-1,0,1
200501BS70694,2,1,1,1,-1,3,0,0,0,0,-1,1,-1
200501BS70697,1,1,1,1,5,3,0,0,0,0,-1,3,1
200501BS70698,1,1,1,1,5,3,0,0,0,0,-1,1,1
200501BS70699,1,1,1,1,6,3,0,0,0,0,-1,5,-1
200501BS70700,2,1,1,2,6,3,0,0,0,0,-1,1,1
200501BS70701,1,1,1,1,6,3,0,0,0,0,-1,9,1
200501BS70702,1,1,2,1,6,3,0,0,0,0,-1,3,1
200501BS70703,1,1,2,2,9,3,0,0,0,1,-1,11,1
200501BS70704,1,1,1,1,8,3,0,0,0,0,-1,5,1
200501BS70705,1,1,2,1,4,3,0,0,1,0,-1,9,1
200501BS70705,1,2,2,1,5,3,0,0,2,0,-1,9,1
200501BS70708,1,1,3,1,6,3,6,9,0,0,-1,0,1
200501BS70709,1,1,1,2,6,3,0,0,0,0,-1,9,1
200501BS70710,2,1,1,1,6,3,0,0,0,0,-1,3,1
200501BS70712,2,1,1,1,5,3,0,0,0,0,-1,19,1
200501BS70713,2,1,1,2,7,2,0,0,0,0,-1,2,1
200501BS70714,2,1,1,2,6,3,0,0,0,0,-1,2,1
200501BS70715,1,1,3,1,7,3,9,9,0,0,-1,0,1
200501BS70716,2,1,1,2,6,3,0,0,0,0,-1,3,1
200501BS70717,1,1,1,1,6,3,0,0,0,0,-1,1,1
200501BS70718,1,1,2,2,-1,3,0,0,0,4,-1,11,-1
200501BS70719,2,1,1,2,6,3,0,0,0,0,-1,1,1
200501BS70721,1,1,1,1,4,3,0,0,0,0,-1,3,1
200501BS70722,1,1,3,1,6,3,10,1,0,0,-1,0,-1
200501BS70723,2,1,1,1,6,3,0,0,0,0,-1,1,1
200501BS70724,1,1,3,2,7,3,10,9,0,0,-1,0,-1
200501BS70725,2,1,1,1,-1,3,0,0,0,0,-1,1,1
200501BS70726,1,1,2,1,8,3,0,0,1,0,-1,9,-1
200501BS70727,2,1,1,1,7,2,0,0,0,0,-1,5,2
200501BS70728,1,1,1,2,6,3,0,0,0,0,-1,9,1
200501BS70730,1,1,1,1,8,3,0,0,0,0,-1,4,-1
200501BS70731,1,1,3,2,8,2,4,2,0,0,-1,0,-1
200501BS70732,2,1,1,1,7,3,0,0,0,0,-1,1,1
200501BS70733,1,1,1,1,7,3,0,0,0,0,-1,9,1
200501BS70734,2,1,1,2,6,3,0,0,0,0,-1,1,1
200501BS70735,1,1,1,1,6,3,0,0,0,0,-1,9,1
200501BS70735,1,2,2,2,6,3,0,0,2,0,-1,9,-1
200501BS70735,2,3,1,1,8,3,0,0,0,0,-1,9,1
200501BS70736,1,1,3,1,6,3,4,1,0,0,-1,0,1
200501BS70737,2,1,1,1,6,3,0,0,0,0,-1,5,1
200501BS70738,1,1,3,1,-1,3,5,1,0,0,-1,0,-1
200501BS70739,1,1,1,1,6,3,0,0,0,0,-1,5,1
200501BS70740,2,1,1,2,8,3,0,0,0,0,-1,9,1
200501BS70740,2,2,2,2,7,3,0,0,1,0,-1,9,1
200501BS70740,2,3,2,2,9,3,0,0,2,0,-1,9,-1
200501BS70741,2,1,1,2,6,3,0,0,0,0,-1,1,-1
200501BS70742,2,1,1,1,7,3,0,0,0,0,-1,3,1
200501BS70743,1,1,3,1,7,3,10,3,0,0,-1,0,-1
200501BS70744,2,1,1,1,5,3,0,0,0,0,-1,3,1
200501BS70745,1,1,3,1,-1,3,5,2,0,0,-1,0,1
200501BS70747,1,1,3,1,7,2,6,9,0,0,-1,0,-1
200501BS70748,1,1,1,1,8,3,0,0,0,0,-1,9,1
200501BS70748,2,2,1,1,4,3,0,0,0,0,-1,5,1
200501BS70749,1,1,3,1,4,2,1,9,0,0,-1,0,-1
200501BS70751,1,1,1,2,6,3,0,0,0,0,-1,9,1
200501BS70752,1,1,1,1,6,2,0,0,0,0,-1,5,1
200501BS70755,1,1,3,2,11,2,5,4,0,0,-1,0,-1
200501BS70756,1,1,3,2,4,3,5,3,0,0,-1,0,1
200501BS70757,1,1,1,2,7,3,0,0,0,0,-1,1,-1
200501BS70758,1,1,3,2,5,3,1,3,0,0,-1,0,1
200501BS70759,2,1,1,1,6,3,0,0,0,0,-1,4,-1
200501BS70760,2,1,2,2,6,3,0,0,1,0,-1,9,1
200501BS70761,1,1,3,1,6,2,4,3,0,0,-1,0,1
200501BS70762,1,1,3,1,3,3,4,4,0,0,-1,0,1
200501BS70763,1,1,3,1,7,2,5,4,0,0,-1,0,-1
200501BS70764,2,1,1,1,7,3,0,0,0,0,-1,1,1
200501BS70765,1,1,3,1,8,3,4,1,0,0,-1,0,1
200501BS70766,1,1,1,1,7,3,0,0,0,0,-1,3,1
200501BS70767,1,1,1,1,5,3,0,0,0,0,-1,2,1
200501BS70768,1,1,3,2,4,3,5,1,0,0,-1,0,-1
200501BS70769,1,1,1,1,5,3,0,0,0,0,-1,9,1
200501BS70769,1,2,2,1,5,3,0,0,1,0,-1,9,-1
200501BS70770,1,1,1,2,6,3,0,0,0,0,-1,9,1
200501BS70770,2,2,1,1,7,3,0,0,0,0,-1,8,1
200501BS70771,2,1,1,1,-1,3,0,0,0,0,-1,1,1
200501BS70772,1,1,3,1,4,3,1,1,0,0,-1,0,1
200501BS70773,1,1,3,2,9,3,5,3,0,0,-1,0,-1
200501BS70774,1,1,1,1,6,3,0,0,0,0,-1,1,1
200501BS70775,1,1,1,2,7,3,0,0,0,0,-1,1,-1
200501BS70776,1,1,3,2,6,3,5,4,0,0,-1,0,1
200501BS70777,1,1,3,1,1,2,1,4,0,0,-1,0,1
200501BS70779,1,1,1,1,9,3,0,0,0,0,-1,9,1
200501BS70780,2,1,1,1,6,3,0,0,0,0,-1,9,1
200501BS70780,3,2,1,1,8,3,0,0,0,0,-1,9,1
200501BS70780,4,3,1,1,6,3,0,0,0,0,-1,9,1
200501BS70782,2,1,1,2,6,3,0,0,0,0,-1,3,1
200501BS70783,1,1,3,1,10,3,10,3,0,0,-1,0,-1
200501BS70784,1,1,1,1,7,2,0,0,0,0,-1,8,1
200501BS70785,1,1,1,2,-1,3,0,0,0,0,-1,9,1
200501BS70786,2,1,1,1,8,3,0,0,0,0,-1,1,1
200501BS70787,1,1,2,1,9,3,0,0,0,3,-1,11,1
200501BS70789,1,1,1,1,6,3,0,0,0,0,-1,9,1
200501BS70793,1,1,1,2,4,3,0,0,0,0,-1,9,1
200501BS79011,1,1,3,2,6,2,5,3,0,0,-1,0,1
200501BS79054,1,1,1,1,7,3,0,0,0,0,-1,1,1
200501BS79097,1,1,1,1,-1,2,0,0,0,0,-1,5,1
200501CP00001,1,1,2,2,6,3,0,0,2,0,-1,9,1
200501CP00002,1,1,3,1,-1,3,9,5,0,0,-1,0,-1
200501CP00003,2,1,1,1,9,3,0,0,0,0,-1,8,1
200501CP00004,1,1,1,1,-1,3,0,0,0,0,-1,9,1
200501CP00004,1,2,2,1,6,3,0,0,2,0,-1,9,-1
200501CP00004,1,3,2,1,6,3,0,0,1,0,-1,9,-1
200501CP00005,1,1,1,1,6,3,0,0,0,0,-1,1,1
200501CP00006,2,1,1,1,7,2,0,0,0,0,-1,1,1
200501CP00008,2,1,1,2,-1,2,0,0,0,0,-1,1,1
200501CP00009,1,1,1,2,7,2,0,0,0,0,-1,1,1
200501CP00010,1,1,3,1,-1,2,4,9,0,0,-1,0,-1
200501CP00011,1,1,1,2,6,3,0,0,0,0,-1,9,1
200501CP00012,1,1,3,2,7,3,4,1,0,0,-1,0,-1
200501CP00013,1,1,3,1,5,3,5,1,0,0,-1,0,-1
200501CP00014,2,1,1,1,6,3,0,0,0,0,-1,1,1
200501CP00015,2,1,1,1,6,3,0,0,0,0,-1,2,1
200501CP00016,1,1,1,1,6,3,0,0,0,0,-1,9,1
200501CP00017,1,1,1,1,6,2,0,0,0,0,-1,3,1
200501CP00018,1,1,3,1,8,2,8,9,0,0,-1,0,1
200501CP00019,2,1,1,2,6,3,0,0,0,0,-1,1,1
200501CP00020,1,1,3,1,-1,3,6,9,0,0,-1,0,-1
200501CP00021,1,1,1,1,6,3,0,0,0,0,-1,1,-1
200501CP00022,1,1,3,1,9,3,8,9,0,0,-1,0,1
200501CP00023,1,1,3,1,9,3,1,3,0,0,-1,0,-1
200501CP00024,1,1,3,2,5,3,4,1,0,0,-1,0,1
200501CP00025,1,1,1,1,5,3,0,0,0,0,-1,9,1
200501CP00026,1,1,3,2,6,3,1,1,0,0,-1,0,1
200501CP00027,2,1,1,1,6,3,0,0,0,0,-1,5,1
200501CP00028,1,1,3,2,6,3,4,3,0,0,-1,0,-1
200501CP00029,1,1,3,1,5,3,4,3,0,0,-1,0,1
200501CP00030,1,1,1,1,5,3,0,0,0,0,-1,1,1
200501CP00031,1,1,1,1,5,3,0,0,0,0,-1,1,-1
200501CP00032,2,1,1,1,6,3,0,0,0,0,-1,1,1
200501CP00033,1,1,1,1,6,2,0,0,0,0,-1,19,1
200501CP00034,1,1,1,1,5,3,0,0,0,0,-1,5,1
200501CP00035,2,1,1,2,5,3,0,0,0,0,-1,1,1
200501CP00036,2,1,1,2,6,2,0,0,0,0,-1,1,-1
200501CP00037,2,1,1,1,5,3,0,0,0,0,-1,1,1
200501CP00038,1,1,1,1,8,3,0,0,0,0,-1,1,1
200501CP00039,1,2,2,2,6,3,0,0,0,4,-1,11,1
200501CP00039,2,1,1,2,7,3,0,0,0,0,-1,19,1
200501CP00040,2,1,2,2,-1,2,0,0,2,0,-1,8,-1
200501CP00040,2,2,2,2,-1,2,0,0,2,0,-1,8,-1
200501CP00040,2,3,2,2,-1,2,0,0,2,0,-1,8,-1
200501CP00040,2,4,2,2,-1,3,0,0,2,0,-1,8,-1
200501CP00041,2,1,1,1,6,2,0,0,0,0,-1,1,1
200501CP00043,1,1,1,1,6,3,0,0,0,0,-1,2,1
200501CP00044,1,1,1,1,6,3,0,0,0,0,-1,3,1
200501CP00044,1,2,3,1,6,3,5,1,0,0,-1,0,1
200501CP00045,1,1,3,2,5,3,1,1,0,0,-1,0,-1
200501CP00046,1,1,2,1,6,3,0,0,0,4,-1,11,1
200501CP00047,1,1,2,1,9,3,0,0,0,4,-1,11,1
200501CP00048,1,1,1,1,8,3,0,0,0,0,-1,4,1
200501CP00049,1,1,3,2,4,3,8,9,0,0,-1,0,-1
200501CP00050,1,1,2,2,7,3,0,0,0,1,-1,11,1
200501CP00051,1,1,1,1,6,3,0,0,0,0,-1,1,1
200501CP00052,1,1,1,1,8,3,0,0,0,0,-1,5,-1
200501CP00052,1,2,3,1,6,3,5,1,0,0,-1,0,-1
200501CP00053,1,1,1,2,5,3,0,0,0,0,-1,1,1
200501CP00054,2,1,1,1,8,3,0,0,0,0,-1,4,1
200501CP00055,1,1,1,1,5,3,0,0,0,0,-1,4,1
200501CP00056,1,1,3,1,5,3,1,3,0,0,-1,0,1
200501CP00057,2,1,1,1,6,2,0,0,0,0,-1,1,1
200501CP00058,1,1,1,1,9,3,0,0,0,0,-1,8,1
200501CP00058,1,2,3,2,7,3,7,9,0,0,-1,0,-1
200501CP00059,2,1,1,1,5,3,0,0,0,0,-1,5,1
200501CP00060,1,1,1,1,7,3,0,0,0,0,-1,5,1
200501CP00061,1,1,1,1,7,3,0,0,0,0,-1,4,1
200501CP00062,1,1,1,1,6,3,0,0,0,0,-1,3,1
200501CP00063,1,1,2,1,11,3,0,0,0,3,-1,11,1
200501CP00064,2,1,1,1,8,3,0,0,0,0,-1,1,1
200501CP00065,1,1,3,1,6,3,6,9,0,0,-1,0,1
200501CP00066,1,1,1,1,5,3,0,0,0,0,-1,1,1
200501CP00067,1,1,2,2,10,3,0,0,0,3,-1,11,1
200501CP00068,1,1,3,2,7,3,4,1,0,0,-1,0,3
200501CP00069,1,1,1,1,8,3,0,0,0,0,-1,1,1
200501CP00069,1,2,2,2,7,3,0,0,0,0,-1,1,-1
200501CP00070,1,1,1,1,7,3,0,0,0,0,-1,1,1
200501CP00071,1,1,3,1,10,2,1,1,0,0,-1,0,1
200501CP00072,1,1,3,1,6,3,4,3,0,0,-1,0,1
200501CP00073,1,1,3,2,8,3,1,1,0,0,-1,0,-1
200501CP00074,1,1,1,1,-1,3,0,0,0,0,-1,1,1
200501CP00074,2,2,2,2,6,3,0,0,0,4,-1,11,1
200501CP00075,1,1,1,1,6,3,0,0,0,0,-1,4,-1
200501CP00076,1,1,1,1,-1,3,0,0,0,0,-1,1,1
200501CP00077,2,1,1,1,7,3,0,0,0,0,-1,1,-1
200501CP00078,1,1,2,2,9,3,0,0,2,0,-1,8,1
200501CP00079,1,1,3,2,5,3,10,9,0,0,-1,0,1
200501CP00080,1,2,2,2,-1,3,0,0,0,3,-1,11,-1
200501CP00080,2,1,1,1,7,3,0,0,0,0,-1,8,1
200501CP00081,2,1,1,1,6,3,0,0,0,0,-1,3,1
200501CP00082,1,1,1,1,7,3,0,0,0,0,-1,5,1
200501CP00083,2,1,1,2,5,3,0,0,0,0,-1,1,1
200501CP00084,1,1,1,2,-1,3,0,0,0,0,-1,1,-1
200501CP00085,1,1,1,1,7,3,0,0,0,0,-1,5,1
200501CP00085,2,2,1,1,4,1,0,0,0,0,-1,1,-1
200501CP00086,2,1,1,2,-1,3,0,0,0,0,-1,1,1
200501CP00087,2,1,1,1,6,3,0,0,0,0,-1,5,1
200501CP00088,1,1,3,2,5,3,5,1,0,0,-1,0,1
200501CP00089,1,1,3,2,7,3,6,9,0,0,-1,0,1
200501CP00090,1,1,1,1,7,2,0,0,0,0,-1,3,1
200501CP00091,1,1,3,2,10,3,5,4,0,0,-1,0,-1
200501CP00092,1,1,1,1,7,3,0,0,0,0,-1,5,1
200501CP00093,1,1,2,2,-1,3,0,0,0,0,-1,19,-1
200501CP00095,1,1,1,1,6,3,0,0,0,0,-1,1,1
200501CP00096,2,1,1,1,5,3,0,0,0,0,-1,1,1
200501CP00097,1,1,3,2,-1,3,5,2,0,0,-1,0,1
200501CP00098,2,1,1,1,7,3,0,0,0,0,-1,1,1
200501CP00099,2,1,1,1,-1,3,0,0,0,0,-1,10,-1
200501CP00100,1,1,2,1,9,3,0,0,0,4,-1,11,1
200501CP00101,1,1,2,2,6,3,0,0,0,3,-1,11,-1
200501CP00102,1,1,3,2,6,2,4,3,0,0,-1,0,1
200501CP00103,1,1,2,1,-1,3,0,0,0,4,-1,11,-1
200501CP00104,2,1,1,1,7,3,0,0,0,0,-1,3,1
200501CP00105,2,1,1,1,6,3,0,0,0,0,-1,5,1
200501CP00106,2,1,1,2,5,3,0,0,0,0,-1,1,1
200501CP00107,1,1,1,1,5,3,0,0,0,0,-1,1,-1
200501CP00107,1,2,3,1,8,2,1,4,0,0,-1,0,-1
200501CP00108,1,1,3,1,-1,3,10,3,0,0,-1,0,-1
200501CP00109,1,1,3,2,6,3,5,4,0,0,-1,0,1
200501CP00111,1,1,1,1,7,3,0,0,0,0,-1,9,1
200501CP00112,2,1,1,1,7,3,0,0,0,0,-1,8,1
200501CP00113,1,1,1,1,5,3,0,0,0,0,-1,9,1
200501CP00113,1,2,2,1,5,3,0,0,2,0,-1,9,-1
200501CP00113,1,3,2,1,5,3,0,0,1,0,-1,9,1
200501CP00113,1,4,2,1,5,3,0,0,2,0,-1,9,1
200501CP00114,1,1,3,2,6,3,5,1,0,0,-1,0,1
200501CP00115,1,1,1,2,6,3,0,0,0,0,-1,5,1
200501CP00116,1,1,1,1,7,3,0,0,0,0,-1,5,1
200501CP00116,1,2,2,1,6,3,0,0,0,0,-1,5,3
200501CP00117,1,1,1,1,5,3,0,0,0,0,-1,2,1
200501CP00118,1,1,1,1,7,3,0,0,0,0,-1,9,-1
200501CP00118,1,2,2,1,-1,2,0,0,1,0,-1,9,-1
200501CP00119,2,1,1,2,6,3,0,0,0,0,-1,1,1
200501CP00120,1,1,1,1,8,3,0,0,0,0,-1,9,1
200501CP00121,1,1,1,1,6,3,0,0,0,0,-1,1,1
200501CP00122,1,1,1,1,6,3,0,0,0,0,-1,5,1
200501CP00123,1,1,3,1,6,3,4,3,0,0,-1,0,1
200501CP00124,1,1,3,1,9,3,4,1,0,0,-1,0,1
200501CP00125,1,1,3,1,9,3,5,1,0,0,-1,0,1
200501CP00126,2,1,1,1,7,3,0,0,0,0,-1,5,-1
200501CP00127,1,1,3,1,8,2,4,3,0,0,-1,0,1
200501CP00128,1,1,3,2,-1,2,4,1,0,0,-1,0,-1
200501CP00129,1,1,1,1,6,3,0,0,0,0,-1,1,-1
200501CP00129,1,2,3,2,6,3,1,1,0,0,-1,0,1
200501CP00130,1,1,3,1,-1,3,6,9,0,0,-1,0,1
200501CP00130,1,2,3,2,6,3,6,9,0,0,-1,0,-1
200501CP00131,1,1,3,2,5,3,5,1,0,0,-1,0,1
200501CP00132,2,1,1,1,5,3,0,0,0,0,-1,9,-1
200501CP00133,2,1,1,1,7,3,0,0,0,0,-1,9,3
200501CP00134,1,1,3,1,6,3,1,3,0,0,-1,0,1
200501CP00135,1,1,1,1,10,3,0,0,0,0,-1,9,1
200501CP00136,2,1,1,1,6,3,0,0,0,0,-1,19,1
200501CP00136,3,2,1,1,7,3,0,0,0,0,-1,8,1
200501CP00137,1,1,2,1,11,3,0,0,0,3,-1,11,-1
200501CP00138,1,1,1,1,-1,3,0,0,0,0,-1,3,-1
200501CP00139,1,1,3,1,6,3,5,3,0,0,-1,0,1
200501CP00140,1,1,3,2,5,3,1,1,0,0,-1,0,1
200501CP00141,1,1,3,1,5,3,1,1,0,0,-1,0,-1
200501CP00142,1,1,2,2,-1,2,0,0,0,4,-1,11,-1
200501CP00143,1,1,1,1,7,3,0,0,0,0,-1,19,1
200501CP00143,2,2,1,1,7,3,0,0,0,0,-1,19,1
200501CP00144,1,1,1,1,8,3,0,0,0,0,-1,5,1
200501CP00145,1,1,1,1,7,3,0,0,0,0,-1,9,1
200501CP00146,2,1,1,1,6,3,0,0,0,0,-1,1,1
200501CP00147,1,1,1,1,7,3,0,0,0,0,-1,8,1
200501CP00148,1,1,1,2,7,3,0,0,0,0,-1,1,1
