Acc_Index,Vehicle_Reference,Vehicle_Type,Towing_and_Articulation,Vehicle_Manoeuvre,Vehicle_Location-Restricted_Lane,Junction_Location,Skidding_and_Overturning,Hit_Object_in_Carriageway,Vehicle_Leaving_Carriageway,Hit_Object_off_Carriageway,1st_Point_of_Impact,Was_Vehicle_Left_Hand_Drive?,Journey_Purpose_of_Driver,Sex_of_Driver,Age_Band_of_Driver,Engine_Capacity_(CC),Propulsion_Code,Age_of_Vehicle,Driver_IMD_Decile,Driver_Home_Area_Type
200501BS00001,1,9,0,18,0,0,0,0,0,0,1,1,15,2,10,-1,-1,-1,7,1
200501BS00002,1,11,0,4,0,3,0,0,0,0,4,1,1,1,7,8268,2,3,-1,-1
200501BS00003,1,11,0,17,0,0,0,4,0,0,4,1,1,1,6,8300,2,5,2,1
200501BS00003,2,9,0,2,0,0,0,0,0,0,3,1,15,1,9,1762,1,6,1,1
200501BS00004,1,9,0,18,0,0,0,0,0,0,1,1,15,2,8,1769,1,4,2,1
200501BS00005,1,3,0,18,0,0,1,10,0,0,1,1,15,1,8,85,1,10,-1,-1
200501BS00006,1,9,0,5,0,0,0,0,0,0,0,1,15,1,8,2976,1,1,4,1
200501BS00006,2,3,0,18,0,0,0,0,0,0,0,1,15,2,6,124,1,2,1,1
200501BS00007,1,3,0,18,0,1,0,4,0,0,1,1,15,1,6,-1,-1,-1,-1,-1
200501BS00007,2,9,0,2,0,1,0,0,0,0,2,1,15,1,7,4266,1,4,6,1
200501BS00009,1,9,0,18,0,0,0,0,1,0,1,1,15,1,10,5343,1,16,6,1
200501BS00010,1,9,0,18,0,8,0,0,0,0,2,1,15,1,6,1998,1,13,3,1
200501BS00010,2,9,0,9,0,8,0,0,0,0,1,1,15,2,8,-1,-1,-1,5,1
200501BS00011,1,11,0,9,0,8,0,0,0,0,0,1,1,1,7,8268,2,2,2,1
200501BS00011,2,90,0,18,0,8,0,0,0,0,0,1,15,3,-1,-1,-1,-1,-1,-1
200501BS00012,1,9,0,18,0,8,0,0,0,0,1,1,15,1,6,1988,1,6,4,1
200501BS00014,1,9,0,9,0,8,0,0,0,0,1,1,15,2,4,1124,1,8,8,1
200501BS00014,2,3,0,18,0,8,0,0,0,0,1,1,15,2,4,124,1,1,-1,-1
200501BS00015,1,9,0,9,0,3,0,0,0,0,1,1,15,2,8,1360,1,2,3,1
200501BS00016,1,9,0,18,0,8,0,7,7,1,1,1,15,1,6,698,1,2,7,1
200501BS00016,2,9,0,7,0,8,0,0,0,0,0,1,15,1,6,2148,2,4,4,1
200501BS00017,1,5,0,18,0,0,0,0,0,0,1,1,15,1,7,1171,1,2,8,1
200501BS00018,1,11,0,18,0,1,0,0,0,0,4,1,1,1,9,7300,2,1,3,1
200501BS00019,1,5,0,18,0,8,0,0,0,0,1,1,15,1,8,599,1,6,5,1
200501BS00019,2,9,0,9,0,8,0,0,0,0,3,2,15,1,7,-1,-1,-1,8,1
200501BS00020,1,9,0,9,0,8,0,0,0,0,3,1,15,1,6,1998,1,7,6,1
200501BS00020,2,3,0,18,0,8,0,0,0,0,1,1,15,1,6,-1,-1,-1,2,1
200501BS00021,1,5,0,13,0,0,0,0,0,0,1,1,15,1,6,599,1,1,7,1
200501BS00021,2,9,0,6,0,0,0,0,0,0,3,1,15,1,6,1995,2,5,10,1
200501BS00022,1,9,0,18,0,1,0,0,0,0,1,1,15,1,6,1997,1,1,5,1
200501BS00023,1,3,0,18,0,0,0,0,0,0,1,1,1,1,-1,-1,-1,-1,-1,-1
200501BS00024,1,9,0,7,0,8,0,0,0,0,1,1,15,2,7,2792,1,6,9,1
200501BS00024,2,1,0,17,0,8,0,0,0,0,3,1,15,2,5,-1,-1,-1,7,1
200501BS00025,1,9,0,9,0,8,0,0,0,0,1,1,15,1,7,1587,1,10,1,1
200501BS00025,2,5,0,18,0,8,0,0,0,0,1,1,15,1,9,740,1,11,4,1
200501BS00028,1,3,0,18,0,8,0,0,0,0,3,1,15,1,7,120,1,4,10,1
200501BS00028,2,19,0,9,0,8,0,0,0,0,1,1,15,1,-1,1998,2,-1,-1,-1
200501BS00029,1,9,0,18,0,8,0,0,0,0,1,1,15,1,8,-1,-1,-1,2,1
200501BS00029,2,9,0,9,0,8,0,0,0,0,4,1,15,1,9,1951,2,1,2,1
200501BS00031,1,9,0,18,0,2,0,0,0,0,1,1,15,1,7,1192,1,-1,3,1
200501BS00032,1,1,0,18,0,0,0,0,0,0,3,1,15,1,8,-1,-1,-1,-1,-1
200501BS00032,2,9,0,18,0,0,0,0,0,0,4,1,15,3,-1,1998,1,7,-1,-1
200501BS00033,1,9,0,3,0,1,0,0,0,0,2,1,15,1,6,1796,1,3,7,1
200501BS00033,2,9,0,18,0,1,0,0,0,0,1,1,15,1,-1,1996,1,11,-1,-1
200501BS70001,1,4,0,13,0,2,0,0,0,0,1,1,15,2,6,398,1,14,1,1
200501BS70001,2,9,0,6,0,2,0,0,0,0,3,1,15,1,7,1991,1,8,10,1
200501BS70002,1,9,0,18,0,1,0,0,0,0,2,1,15,1,7,-1,-1,-1,-1,-1
200501BS70002,2,5,0,18,0,1,0,0,0,0,1,1,15,2,6,645,1,4,5,1
200501BS70003,1,3,0,18,0,8,0,0,0,0,1,1,15,1,5,124,1,3,2,1
200501BS70003,2,5,0,18,0,8,0,0,0,0,4,1,15,1,6,-1,-1,-1,3,1
200501BS70004,1,1,0,16,0,1,0,0,0,0,0,1,15,1,6,-1,-1,-1,4,1
200501BS70004,2,9,0,9,0,8,0,0,0,0,0,1,15,3,-1,-1,-1,-1,-1,-1
200501BS70005,1,4,0,18,0,1,1,0,0,0,1,1,15,1,7,244,1,1,3,1
200501BS70005,2,9,0,18,0,1,0,0,0,0,2,1,15,1,7,1598,1,1,7,1
200501BS70006,1,3,0,18,0,8,0,0,0,0,4,1,15,2,5,124,1,8,2,1
200501BS70006,2,9,0,18,0,8,0,0,0,0,1,1,15,3,-1,-1,-1,-1,-1,-1
200501BS70007,1,9,0,18,0,8,0,0,0,0,3,1,15,1,8,1985,1,9,2,1
200501BS70007,2,9,0,18,0,8,0,0,0,0,3,1,15,1,7,-1,-1,-1,2,1
200501BS70007,3,9,0,18,0,8,0,0,0,0,3,1,15,2,6,1590,1,6,6,1
200501BS70007,4,19,0,18,0,8,0,0,0,0,1,1,15,3,-1,-1,-1,-1,-1,-1
200501BS70008,1,9,0,18,0,8,0,0,0,0,2,1,15,1,6,1597,1,9,1,1
200501BS70008,2,9,0,9,0,8,0,0,0,0,1,1,15,1,-1,1117,1,18,-1,-1
200501BS70009,1,9,0,7,0,0,0,0,0,0,1,1,15,2,7,1998,2,1,6,1
200501BS70009,2,1,0,18,0,0,0,0,0,0,3,1,15,1,7,-1,-1,-1,2,1
200501BS70010,1,1,0,18,0,0,0,0,0,0,3,1,15,1,8,-1,-1,-1,4,1
200501BS70010,2,9,0,11,0,0,0,0,0,0,4,1,15,3,-1,1242,1,8,-1,-1
200501BS70011,1,9,0,3,0,8,0,0,0,0,2,1,15,1,7,1596,1,8,3,1
200501BS70011,2,9,0,4,0,8,0,0,0,0,1,1,15,1,5,1587,1,3,9,1
200501BS70012,1,3,0,18,0,0,0,0,0,0,1,1,15,1,6,100,1,4,-1,-1
200501BS70012,2,9,0,11,0,0,0,0,0,0,4,1,15,1,9,-1,-1,-1,9,1
200501BS70013,1,9,0,18,0,8,0,0,0,0,1,1,15,1,7,1595,1,3,2,1
200501BS70014,1,5,0,7,0,8,0,0,0,0,1,1,15,1,7,599,1,3,6,1
200501BS70014,2,9,0,7,0,8,0,0,0,0,2,1,15,1,5,1796,1,1,8,2
200501BS70016,1,9,0,18,0,0,0,0,0,0,0,1,15,1,6,1598,1,3,4,1
200501BS70017,1,8,0,18,0,8,0,0,0,0,2,1,15,1,7,2664,2,3,2,1
200501BS70017,2,11,0,18,0,8,0,0,0,0,1,1,1,1,9,-1,2,39,-1,-1
200501BS70018,1,5,0,15,0,0,0,0,0,0,1,1,15,1,6,599,1,1,1,1
200501BS70018,2,9,0,3,0,0,0,0,0,0,4,1,15,1,10,1994,1,1,6,1
200501BS70019,1,9,0,4,0,0,0,0,0,0,2,1,15,2,6,1840,1,7,5,1
200501BS70019,2,9,0,18,0,0,0,0,0,0,1,1,15,1,10,1488,1,18,5,1
200501BS70020,1,1,0,9,0,8,0,0,0,0,3,1,15,2,9,-1,-1,-1,-1,-1
200501BS70020,2,3,0,18,0,8,0,0,0,0,1,1,15,1,8,124,1,2,-1,-1
200501BS70021,1,11,0,3,0,0,0,0,0,0,0,1,15,1,6,8300,2,5,4,1
200501BS70023,1,9,0,18,0,8,0,0,0,0,1,1,15,1,4,1493,1,10,2,1
200501BS70023,2,9,0,18,0,8,0,0,0,0,1,1,15,1,5,-1,-1,-1,5,1
200501BS70025,1,9,0,18,0,8,0,0,0,0,1,1,15,2,8,1994,1,10,2,1
200501BS70025,2,9,0,18,0,8,0,0,0,0,1,1,15,2,6,1390,1,8,7,1
200501BS70027,1,1,0,3,0,1,0,0,0,0,2,1,15,1,-1,-1,-1,-1,4,1
200501BS70027,2,19,0,4,0,1,0,0,0,0,1,1,15,1,5,2151,2,1,6,1
200501BS70028,1,11,0,5,0,0,0,0,0,0,0,1,1,1,7,9640,2,41,2,1
200501BS70029,1,5,0,18,0,0,0,0,0,0,1,1,15,1,5,599,1,7,3,1
200501BS70030,1,21,1,18,0,1,0,0,0,0,4,1,15,1,9,11946,2,8,8,3
200501BS70030,2,1,0,18,0,1,0,0,0,0,3,1,15,2,7,-1,-1,-1,7,1
200501BS70031,1,11,0,18,0,2,0,0,0,0,4,1,1,1,6,-1,-1,-1,3,1
200501BS70032,1,9,0,18,0,2,0,0,0,0,1,1,15,1,8,-1,-1,-1,7,1
200501BS70033,1,8,0,18,0,1,0,0,0,0,1,1,15,1,9,2664,2,12,5,1
200501BS70034,1,1,0,18,0,8,0,0,0,0,3,1,15,1,3,-1,-1,-1,-1,-1
200501BS70034,2,9,0,18,0,8,0,0,0,0,1,1,15,1,6,1990,1,21,-1,-1
200501BS70036,1,9,0,18,0,8,0,0,0,0,4,1,15,1,7,1598,1,5,1,1
200501BS70036,2,9,0,18,0,8,0,0,0,0,1,1,15,1,-1,1796,1,9,7,1
200501BS70037,1,9,0,18,0,8,0,0,0,0,1,1,15,2,9,1998,1,8,2,1
200501BS70038,1,5,0,18,0,0,0,0,0,0,4,1,15,1,7,599,1,7,-1,-1
200501BS70038,2,19,0,18,0,0,0,0,0,0,3,1,15,1,5,1870,2,-1,3,1
200501BS70038,3,9,0,18,0,0,0,0,0,0,3,1,15,1,9,-1,-1,-1,4,1
200501BS70039,1,9,0,18,0,8,0,0,0,0,3,1,15,1,5,1124,1,4,5,1
200501BS70039,2,9,0,9,0,8,0,0,0,0,4,1,15,1,-1,1495,1,9,6,1
200501BS70040,1,9,0,12,0,0,0,0,0,0,1,1,15,1,10,2495,2,3,2,1
200501BS70040,2,1,0,18,0,0,0,0,0,0,2,1,15,2,9,-1,-1,-1,4,1
200501BS70041,1,3,0,18,0,0,0,0,0,0,3,1,15,1,4,85,1,7,2,1
200501BS70042,1,9,0,3,0,0,0,0,0,0,2,1,15,1,6,-1,-1,-1,6,1
200501BS70042,2,9,0,4,0,0,0,0,0,0,1,1,15,1,6,-1,-1,-1,1,1
200501BS70043,1,9,0,18,0,8,0,0,0,0,1,1,15,1,6,3175,1,-1,6,1
200501BS70043,2,9,0,18,0,8,0,0,0,0,1,1,15,1,-1,1998,1,8,-1,-1
200501BS70043,3,9,0,2,0,8,0,0,0,0,4,1,15,3,6,1397,1,2,-1,-1
200501BS70043,4,9,0,2,0,8,0,0,0,0,2,1,15,3,-1,-1,-1,-1,-1,-1
200501BS70044,1,9,0,9,0,8,0,0,0,0,3,1,15,1,4,-1,-1,-1,2,1
200501BS70044,2,3,0,18,0,8,0,0,0,0,1,1,15,1,6,124,1,1,6,1
200501BS70045,1,9,0,9,0,8,0,0,0,0,1,1,15,1,9,1761,1,12,-1,-1
200501BS70046,1,9,0,2,0,0,0,0,0,0,1,1,15,2,7,2799,1,9,7,1
200501BS70047,1,3,0,18,0,8,0,0,0,0,1,1,15,1,7,125,1,2,-1,-1
200501BS70047,2,9,0,6,0,8,0,0,0,0,1,1,15,1,7,1985,1,16,7,1
200501BS70048,1,3,0,18,0,8,0,0,0,0,4,1,15,2,7,124,1,1,8,1
200501BS70048,2,9,0,9,0,8,0,0,0,0,0,1,15,1,7,2597,1,4,-1,-1
200501BS70049,1,8,0,9,0,8,0,0,0,0,0,1,15,1,9,2664,2,6,10,1
200501BS70050,1,9,0,18,0,8,0,0,0,0,1,1,15,1,8,-1,-1,-1,6,1
200501BS70050,2,9,0,18,0,8,0,0,0,0,3,1,15,2,6,-1,-1,-1,4,1
200501BS70050,3,1,0,9,0,8,0,0,0,0,1,1,15,1,6,-1,-1,-1,4,1
200501BS70051,1,9,0,18,0,8,0,0,0,0,1,1,15,3,-1,1905,2,8,-1,-1
200501BS70052,1,9,0,18,0,0,0,0,0,0,1,1,15,2,6,1396,1,5,4,1
200501BS70053,1,3,0,13,0,8,1,0,0,0,2,1,15,1,5,125,1,1,2,1
200501BS70054,1,9,0,18,0,2,0,0,0,0,4,1,15,2,7,-1,-1,-1,5,1
200501BS70054,2,1,0,15,0,2,0,0,0,0,3,1,15,1,6,-1,-1,-1,7,1
200501BS70055,1,20,0,18,0,1,0,0,0,0,1,1,15,1,6,-1,2,2,2,1
200501BS70056,1,11,0,4,0,8,0,0,0,0,0,1,15,1,8,-1,-1,-1,-1,-1
200501BS70058,1,9,0,18,0,8,0,0,0,0,1,1,15,2,11,1600,1,6,5,1
200501BS70058,2,1,0,18,0,8,0,0,0,0,4,1,15,1,8,-1,-1,-1,-1,-1
200501BS70060,1,9,0,3,0,8,0,0,0,0,2,1,15,1,7,-1,-1,-1,5,1
200501BS70060,2,9,0,4,0,8,0,0,0,0,1,1,15,1,-1,1781,1,11,-1,-1
200501BS70061,1,19,0,7,0,2,0,0,0,0,0,1,15,1,5,2963,2,3,6,1
200501BS70061,2,3,0,18,0,2,0,0,0,0,0,1,15,1,6,124,1,1,5,1
200501BS70062,1,9,0,6,0,1,0,0,0,0,3,1,15,1,7,-1,-1,-1,3,1
200501BS70062,2,5,0,18,0,1,0,0,0,0,1,1,15,1,5,749,1,8,2,1
200501BS70063,1,2,0,18,0,8,0,0,0,0,0,1,15,2,6,49,1,3,-1,-1
200501BS70063,2,9,0,9,0,8,0,0,0,0,0,1,15,3,-1,-1,-1,-1,-1,-1
200501BS70065,1,9,0,6,0,8,0,0,0,0,1,1,15,2,-1,1970,1,4,-1,-1
200501BS70065,2,1,0,18,0,8,0,0,0,0,3,1,15,1,8,-1,-1,-1,4,1
200501BS70066,1,2,0,14,0,0,0,8,0,0,4,1,15,1,6,49,1,2,7,1
200501BS70066,2,9,0,2,0,0,0,0,0,0,3,1,15,1,-1,1598,1,4,1,1
200501BS70067,1,9,0,9,0,8,0,0,0,0,1,1,15,1,7,-1,-1,-1,10,1
200501BS70067,2,1,0,18,0,8,0,0,0,0,1,1,15,2,6,-1,-1,-1,4,1
200501BS70068,1,9,0,18,0,8,0,0,0,0,1,1,15,1,6,1997,1,11,6,1
200501BS70068,2,9,0,18,0,8,0,0,0,0,1,1,15,2,5,1242,1,3,2,1
200501BS70069,1,19,0,9,0,8,0,0,0,0,1,1,15,1,8,1870,2,-1,4,1
200501BS70070,1,9,0,18,0,8,0,0,0,0,1,1,15,1,7,1997,2,2,3,1
200501BS70072,1,2,0,18,0,8,0,0,0,0,1,1,15,1,6,49,1,5,-1,-1
200501BS70073,1,8,0,18,0,1,0,0,0,0,1,1,15,1,6,-1,-1,-1,5,1
200501BS70073,2,1,0,18,0,1,0,0,0,0,2,1,15,1,10,-1,-1,-1,7,1
200501BS70074,1,9,0,18,0,0,2,0,0,0,1,1,15,1,7,3246,1,1,-1,-1
200501BS70075,1,11,0,2,0,8,0,0,0,0,0,1,1,1,-1,7300,2,2,-1,-1
200501BS70076,1,1,0,12,0,1,0,0,0,0,1,1,15,1,6,-1,-1,-1,5,1
200501BS70076,2,11,0,18,0,1,0,0,0,0,1,1,15,1,8,7300,2,4,1,1
200501BS70077,1,9,0,3,0,8,0,0,0,0,2,1,15,2,7,3950,1,2,7,1
200501BS70077,2,19,0,4,0,8,0,0,0,0,1,1,15,1,6,-1,-1,-1,4,1
200501BS70078,1,9,0,9,0,8,0,0,0,0,1,1,15,1,8,-1,-1,-1,1,1
200501BS70078,2,1,0,9,0,8,0,0,0,0,1,1,15,1,6,-1,-1,-1,2,1
200501BS70079,1,5,0,18,0,8,0,0,0,0,1,1,15,1,7,645,1,3,7,1
200501BS70079,2,3,0,18,0,8,0,0,0,0,1,1,15,1,7,125,1,2,7,1
200501BS70079,3,9,0,18,0,8,0,0,0,0,1,1,15,1,7,-1,-1,-1,4,1
200501BS70080,1,9,0,18,0,8,0,0,0,0,1,1,15,2,7,4660,1,5,-1,-1
200501BS70080,2,9,0,3,0,8,0,0,0,0,2,1,15,1,6,1900,2,5,4,1
200501BS70080,3,9,0,3,0,8,0,0,0,0,2,1,15,2,7,3199,1,5,5,1
200501BS70082,1,4,0,18,0,0,0,0,0,0,1,1,15,2,5,399,1,11,-1,-1
200501BS70083,1,9,0,18,0,0,0,0,0,0,4,1,15,1,5,1360,1,1,-1,-1
200501BS70084,1,1,0,18,0,8,0,0,0,0,1,1,15,1,7,-1,-1,-1,3,1
200501BS70084,2,8,0,6,0,8,0,0,0,0,1,1,15,1,-1,-1,-1,-1,-1,-1
200501BS70085,1,5,0,18,0,0,0,0,0,0,0,1,15,1,6,988,1,3,4,1
200501BS70085,2,21,0,18,0,0,0,0,0,0,1,1,15,1,7,7790,2,2,5,1
200501BS70086,1,9,0,10,0,8,0,0,0,0,2,1,15,1,7,1985,1,15,3,1
200501BS70086,2,9,0,18,0,8,0,0,0,0,1,1,15,1,6,1896,2,2,1,1
200501BS70087,1,9,0,18,0,8,0,0,0,0,1,1,15,1,8,954,1,12,3,1
200501BS70087,2,9,0,9,0,8,0,0,0,0,1,1,15,1,8,-1,-1,-1,10,1
200501BS70088,1,11,0,3,0,8,0,0,0,0,0,1,15,1,8,8268,2,3,4,1
200501BS70088,2,9,0,18,0,8,0,0,0,0,1,1,15,1,7,5998,1,1,8,1
200501BS70089,1,9,0,18,0,8,0,0,0,0,1,1,15,2,9,1895,1,4,6,1
200501BS70089,2,1,0,7,0,8,0,0,0,0,2,1,15,2,7,-1,-1,-1,4,1
200501BS70090,1,4,0,18,0,1,0,0,0,0,1,1,15,1,8,-1,-1,-1,7,1
200501BS70091,1,19,0,9,0,8,0,0,0,0,1,1,15,1,5,1686,2,2,3,1
200501BS70091,2,9,0,2,0,8,0,0,0,0,1,1,15,2,7,1796,1,6,2,1
200501BS70092,1,9,0,2,0,0,0,0,0,0,3,1,15,2,8,1998,1,7,7,1
200501BS70092,2,9,0,2,0,0,0,0,0,0,2,1,15,2,7,-1,-1,-1,9,1
200501BS70092,3,3,0,18,0,0,0,0,0,0,1,1,15,1,-1,124,1,5,-1,-1
200501BS70093,1,5,0,3,0,8,0,0,0,0,2,1,15,1,6,-1,-1,-1,2,1
200501BS70093,2,8,0,18,0,8,0,0,0,0,1,1,15,1,-1,2664,2,14,-1,-1
200501BS70094,1,3,0,18,0,8,0,0,0,0,0,1,15,1,-1,-1,-1,-1,-1,-1
200501BS70095,1,5,0,18,0,8,0,0,0,0,1,1,15,1,6,-1,-1,-1,7,1
200501BS70096,1,3,0,13,0,0,0,0,0,0,1,1,15,1,6,124,1,2,8,1
200501BS70096,2,9,0,12,0,0,0,0,0,0,3,1,15,1,7,-1,-1,-1,4,1
200501BS70097,1,9,0,18,0,8,0,0,0,0,1,1,15,2,8,1332,1,8,3,1
200501BS70098,1,9,0,18,0,8,0,0,0,0,1,1,15,1,8,-1,-1,-1,6,1
200501BS70099,1,11,0,4,0,8,0,0,0,0,0,1,15,1,6,8268,2,3,2,1
200501BS70100,1,9,0,18,0,0,0,0,0,0,0,1,15,3,-1,-1,-1,-1,-1,-1
200501BS70101,1,1,0,18,0,2,0,0,0,0,1,1,15,1,-1,-1,-1,-1,-1,-1
200501BS70102,1,9,0,5,0,8,0,0,0,0,3,1,15,2,8,1781,1,12,-1,-1
200501BS70102,2,5,0,18,0,8,0,0,0,0,1,1,15,1,11,-1,-1,-1,-1,-1
200501BS70105,1,9,0,9,0,8,0,0,0,0,3,1,15,1,-1,-1,-1,-1,-1,-1
200501BS70105,2,1,0,18,0,8,0,0,0,0,1,1,15,1,6,-1,-1,-1,-1,-1
200501BS70107,1,2,0,18,0,1,0,0,0,0,1,1,15,1,6,49,1,1,1,1
200501BS70107,2,9,0,6,0,2,0,0,0,0,4,1,15,3,-1,-1,-1,-1,-1,-1
200501BS70108,1,9,0,3,0,8,0,0,0,0,2,1,15,1,7,1242,1,3,5,1
200501BS70108,2,9,0,18,0,8,0,0,0,0,1,1,15,1,-1,1800,1,5,-1,-1
200501BS70109,1,9,0,18,0,8,0,0,0,0,3,1,15,1,8,998,1,12,6,1
200501BS70109,2,9,0,18,0,8,0,0,0,0,1,1,15,1,9,-1,-1,-1,10,1
200501BS70110,1,8,0,3,0,8,0,0,0,0,2,1,15,1,9,-1,-1,-1,3,1
200501BS70110,2,9,0,18,0,8,0,0,0,0,1,1,15,1,4,1598,1,1,1,1
200501BS70111,1,19,0,10,0,8,0,0,0,0,3,1,15,1,7,2402,2,3,3,1
200501BS70111,2,4,0,18,0,1,1,0,0,0,1,1,15,1,5,399,1,13,2,1
200501BS70112,1,19,0,1,0,8,0,0,0,0,2,1,15,1,6,2151,2,2,7,1
200501BS70112,2,5,0,7,0,1,0,0,0,0,1,1,15,1,8,1130,1,1,7,3
200501BS70112,3,9,0,7,0,1,0,0,0,0,1,1,15,2,7,1896,2,-1,7,1
200501BS70113,1,11,0,5,0,0,0,0,0,0,0,1,1,1,-1,-1,-1,-1,-1,-1
200501BS70114,1,9,0,1,0,8,0,0,0,0,2,1,15,1,-1,-1,-1,-1,-1,-1
200501BS70115,1,9,0,16,0,8,0,0,0,0,3,1,15,1,10,4398,1,1,10,1
200501BS70115,2,9,0,16,0,8,0,0,0,0,3,1,15,2,6,-1,-1,-1,8,1
200501BS70115,3,9,0,9,0,8,0,0,0,0,4,1,15,1,5,1783,1,6,2,1
200501BS70116,1,9,0,9,0,8,0,0,0,0,1,1,15,2,4,-1,-1,-1,7,1
200501BS70116,2,1,0,18,0,8,0,0,0,0,1,1,15,2,6,-1,-1,-1,7,1
200501BS70117,1,5,0,18,0,8,0,0,0,0,1,1,15,1,6,618,1,3,6,1
200501BS70117,2,9,0,9,0,8,0,0,0,0,2,1,15,1,-1,-1,-1,-1,-1,-1
200501BS70118,1,9,0,9,0,2,0,0,0,0,3,1,15,1,-1,1796,1,5,5,1
200501BS70119,1,9,0,18,0,1,0,0,0,0,1,1,15,3,-1,-1,-1,-1,-1,-1
200501BS70121,1,9,0,9,0,8,0,0,0,0,3,1,15,1,10,1796,1,2,-1,-1
200501BS70121,2,2,0,18,0,8,0,0,0,0,1,1,15,1,7,49,1,3,3,1
200501BS70123,1,19,0,1,0,1,0,0,0,0,1,1,15,1,6,-1,-1,-1,-1,-1
200501BS70124,1,9,0,7,0,8,0,0,0,0,2,1,15,2,7,-1,-1,-1,2,1
200501BS70124,2,9,0,7,0,8,0,0,0,0,1,1,15,1,5,1988,1,3,7,1
200501BS70125,1,3,0,18,0,8,0,0,0,0,4,1,15,2,7,-1,-1,-1,8,1
200501BS70125,2,11,0,9,0,8,0,0,0,0,1,1,15,1,-1,4250,2,2,8,1
200501BS70126,1,9,0,18,0,8,0,0,0,0,1,1,15,1,7,-1,-1,-1,3,1
200501BS70126,2,1,0,18,0,8,0,0,0,0,1,1,15,1,3,-1,-1,-1,-1,-1
200501BS70127,1,19,0,5,0,1,0,0,0,0,1,1,15,3,-1,-1,-1,-1,-1,-1
200501BS70128,1,9,0,7,0,8,0,0,0,0,3,1,15,2,8,1389,1,7,5,1
200501BS70128,2,1,0,18,0,8,0,0,0,0,2,1,15,2,6,-1,-1,-1,7,1
200501BS70129,1,9,0,18,0,8,0,0,0,0,1,1,15,1,7,1360,1,3,6,1
200501BS70130,1,9,0,13,0,1,0,0,0,0,1,1,15,1,6,2295,1,9,2,1
200501BS70130,2,5,0,6,0,1,0,0,0,0,3,1,15,1,6,1137,1,8,10,1
200501BS70131,1,9,0,18,0,1,0,0,0,0,1,1,15,1,-1,-1,-1,-1,-1,-1
200501BS70132,1,9,0,18,0,0,0,0,0,0,1,1,15,1,-1,1598,1,6,-1,-1
200501BS70133,1,5,0,18,0,8,0,0,0,0,1,1,15,1,7,-1,-1,-1,7,1
200501BS70133,2,9,0,6,0,8,0,0,0,0,1,1,15,2,7,1396,1,13,3,1
200501BS70133,3,9,0,18,0,8,0,0,0,0,3,1,15,1,7,-1,-1,-1,2,1
200501BS70134,1,3,0,18,0,8,0,0,0,0,3,1,1,1,5,-1,-1,-1,3,1
200501BS70134,2,9,0,9,0,8,0,0,0,0,1,1,15,3,-1,1996,1,7,-1,-1
200501BS70135,1,11,0,4,0,0,0,0,0,0,4,1,15,1,9,-1,-1,-1,7,1
200501BS70136,1,9,0,18,0,2,0,0,0,0,4,1,15,1,6,1796,1,8,4,1
200501BS70136,2,1,0,18,0,8,0,0,0,0,1,1,15,1,5,-1,-1,-1,-1,-1
200501BS70137,1,10,0,9,0,8,0,0,0,0,1,1,15,1,8,1993,1,18,7,1
200501BS70137,2,1,0,15,0,8,0,0,0,0,1,1,15,1,7,-1,-1,-1,3,1
200501BS70140,1,3,0,18,0,8,0,0,0,0,1,1,15,2,7,124,1,6,3,1
200501BS70140,2,19,0,9,0,8,0,0,0,0,3,1,15,1,7,-1,-1,-1,6,1
200501BS70141,1,5,0,18,0,8,1,0,0,0,1,1,15,1,6,599,1,6,2,1
200501BS70141,2,9,0,9,0,8,0,0,0,0,1,1,15,1,5,1796,1,4,6,1
200501BS70142,1,5,0,18,0,8,0,0,0,0,3,1,15,1,6,645,1,2,5,2
200501BS70142,2,9,0,12,0,8,0,0,0,0,4,1,15,1,-1,1762,1,5,-1,-1
200501BS70144,1,9,0,11,0,8,0,0,0,0,4,1,15,1,8,1796,1,16,3,1
200501BS70144,2,9,0,12,0,8,0,0,0,0,3,1,15,1,6,-1,-1,-1,7,1
200501BS70145,1,9,0,9,0,2,0,0,0,0,1,1,15,2,6,-1,-1,-1,4,1
200501BS70148,1,9,0,1,0,0,0,0,0,0,2,1,15,1,5,-1,-1,-1,9,1
200501BS70149,1,8,0,18,0,0,0,0,0,0,1,1,1,1,6,2664,2,5,10,2
200501BS70149,2,1,0,11,0,0,0,0,0,0,2,1,15,1,3,-1,-1,-1,2,1
200501BS70151,1,9,0,9,0,8,0,0,0,0,1,1,15,1,-1,-1,-1,-1,-1,-1
200501BS70152,1,9,0,10,0,2,0,0,0,0,1,1,15,1,5,1598,1,1,8,1
200501BS70152,2,3,0,18,0,2,0,0,0,0,3,1,15,1,7,124,1,9,7,1
200501BS70153,1,9,0,18,0,1,0,0,0,0,3,1,15,1,6,2171,1,3,8,1
200501BS70153,2,9,0,10,0,8,0,0,0,0,4,1,15,1,6,2494,1,7,-1,-1
200501BS70154,1,8,0,18,0,0,0,0,0,0,1,1,15,1,8,-1,-1,-1,10,1
200501BS70154,2,1,0,9,0,0,0,7,0,0,3,1,15,1,7,-1,-1,-1,-1,-1
200501BS70155,1,5,0,18,0,0,0,0,0,0,3,1,15,1,6,564,1,19,2,1
200501BS70155,2,9,0,18,0,0,0,0,0,0,4,1,15,2,8,4398,1,2,3,1
200501BS70156,1,5,0,18,0,8,0,0,0,0,1,1,15,1,6,599,1,5,8,3
200501BS70156,2,9,0,9,0,8,0,0,0,0,4,1,15,1,-1,-1,-1,-1,-1,-1
200501BS70157,1,1,0,18,0,8,0,0,0,0,1,1,15,1,6,-1,-1,-1,2,1
200501BS70157,2,9,0,7,0,8,0,0,0,0,1,1,15,2,6,1596,1,8,3,1
200501BS70158,1,1,0,14,0,1,0,0,0,0,1,1,15,1,9,-1,-1,-1,7,1
200501BS70158,2,19,0,2,0,1,0,0,0,0,3,1,15,1,-1,-1,-1,-1,-1,-1
200501BS70160,1,1,0,18,4,1,0,0,0,0,1,1,15,2,6,-1,-1,-1,5,1
200501BS70160,2,9,0,3,0,1,0,0,0,0,4,1,15,1,10,-1,-1,-1,1,1
200501BS70161,1,9,0,9,0,8,0,0,0,0,4,1,15,2,9,1299,1,3,-1,-1
200501BS70161,2,3,0,18,0,8,0,0,0,0,1,1,15,2,7,124,1,10,2,1
200501BS70163,1,9,0,9,0,1,0,0,0,0,3,1,15,1,4,1396,1,9,4,1
200501BS70163,2,3,0,13,0,8,0,0,0,0,4,1,15,1,4,124,1,2,10,1
200501BS70164,1,9,0,9,0,8,0,0,0,0,4,1,15,1,6,1984,1,9,3,1
200501BS70164,2,3,0,18,0,8,0,0,0,0,1,1,15,1,6,-1,-1,-1,2,1
200501BS70165,1,9,0,9,0,8,0,0,0,0,3,1,15,2,6,1799,1,9,7,1
200501BS70165,2,1,0,18,4,1,0,0,0,0,1,1,15,1,8,-1,-1,-1,6,1
200501BS70166,1,9,0,18,0,1,0,0,0,0,3,1,15,1,7,3199,1,6,6,1
200501BS70167,1,1,0,18,0,0,0,0,0,0,2,1,15,2,6,-1,-1,-1,3,1
200501BS70167,2,9,0,18,0,0,0,0,0,0,1,1,15,3,-1,3199,1,3,-1,-1
200501BS70167,3,8,0,2,0,0,0,0,0,0,0,1,15,1,-1,-1,-1,-1,-1,-1
200501BS70168,1,9,0,3,0,1,0,0,0,0,2,1,15,2,7,-1,-1,-1,8,1
200501BS70168,2,9,0,18,0,1,0,0,0,0,1,1,15,2,7,1108,1,10,3,1
200501BS70169,1,9,0,18,0,0,0,0,0,0,4,1,15,1,5,1600,1,1,2,1
200501BS70170,1,3,0,18,0,0,0,0,0,0,1,1,15,1,7,85,1,4,1,1
200501BS70170,2,9,0,6,0,0,0,0,0,0,3,1,15,2,6,1391,1,13,2,1
200501BS70171,1,3,0,17,0,0,0,0,0,0,4,1,15,1,6,125,1,1,9,1
200501BS70171,2,9,0,12,0,0,0,0,0,0,1,1,15,1,-1,1998,1,4,-1,-1
200501BS70172,1,9,0,18,0,1,0,0,0,0,1,1,15,1,6,1970,1,7,2,1
200501BS70172,2,9,0,4,0,1,0,0,0,0,2,1,15,1,7,-1,-1,-1,2,1
200501BS70172,3,9,0,3,0,1,0,0,0,0,2,1,15,2,6,1587,1,6,10,1
200501BS70174,1,9,0,5,0,8,0,0,0,0,3,1,1,1,6,1800,1,6,3,1
200501BS70174,2,9,0,18,0,8,0,0,0,0,4,1,15,1,7,1905,2,9,1,1
200501BS70175,1,8,0,18,0,1,0,0,0,0,4,1,1,1,8,2446,2,5,4,1
200501BS70175,2,9,0,5,0,1,0,0,0,0,3,1,15,2,-1,-1,-1,-1,-1,-1
200501BS70176,1,1,0,18,0,8,0,0,0,0,0,1,15,2,6,-1,-1,-1,2,1
200501BS70176,2,19,0,9,0,8,0,0,0,0,0,1,15,1,7,-1,-1,-1,2,1
200501BS70177,1,5,0,18,0,0,0,0,0,0,4,1,15,1,8,-1,-1,-1,-1,-1
200501BS70177,2,9,0,6,0,0,0,0,0,0,3,1,15,1,-1,1998,1,7,2,1
200501BS70178,1,9,0,7,0,8,0,0,0,0,4,1,15,2,7,1242,1,4,1,1
200501BS70178,2,1,0,18,0,8,0,0,0,0,1,1,15,1,7,-1,-1,-1,4,1
200501BS70179,1,5,0,18,0,8,0,0,0,0,1,1,15,1,6,1298,1,2,3,1
200501BS70179,2,9,0,9,0,8,0,0,0,0,3,1,15,2,6,2979,1,3,7,1
200501BS70181,1,9,0,9,0,8,0,0,0,0,1,1,15,3,-1,-1,-1,-1,-1,-1
200501BS70182,1,11,0,4,0,0,0,0,0,0,4,1,1,1,7,4250,2,7,-1,-1
200501BS70182,2,11,0,3,0,0,0,0,0,0,0,1,1,3,-1,-1,-1,-1,-1,-1
200501BS70183,1,5,0,18,0,1,0,0,0,0,-1,1,15,1,6,599,1,2,-1,-1
200501BS70183,2,9,0,9,0,8,0,0,0,0,-1,1,15,1,-1,1998,1,4,-1,-1
200501BS70185,1,19,0,5,0,0,0,0,0,0,0,1,15,1,-1,2402,2,3,6,1
200501BS70186,1,3,0,18,0,1,0,0,0,0,2,1,15,1,6,125,1,1,6,1
200501BS70186,2,9,0,11,0,1,0,0,0,0,4,1,15,1,7,2979,1,3,2,1
200501BS70187,1,9,0,18,0,0,0,0,0,0,1,1,15,1,7,-1,-1,-1,3,1
200501BS70188,1,8,0,6,2,2,0,0,0,0,3,1,15,1,6,2664,2,6,5,1
200501BS70188,2,1,0,18,2,2,0,0,0,0,4,1,15,1,6,-1,-1,-1,9,1
200501BS70189,1,19,0,7,0,1,0,0,0,0,1,1,15,1,7,2461,2,6,1,1
200501BS70189,2,1,0,18,0,1,0,0,0,0,1,1,15,2,5,-1,-1,-1,9,1
200501BS70190,1,9,0,9,0,8,0,0,0,0,1,1,15,1,7,2350,1,5,7,1
200501BS70190,2,5,0,18,0,8,0,0,0,0,1,1,15,1,-1,600,1,6,4,1
200501BS70191,1,11,0,9,0,2,0,0,0,0,1,1,1,1,5,730,2,1,1,1
200501BS70192,1,19,0,18,0,0,0,0,0,0,3,1,15,1,6,1896,2,8,5,1
200501BS70192,2,19,0,2,0,0,0,0,0,0,0,1,15,1,8,2299,2,7,8,2
200501BS70193,1,9,0,18,0,8,0,0,0,0,4,1,15,1,6,1497,8,-1,3,1
200501BS70193,2,1,0,18,0,8,0,0,0,0,0,1,15,1,2,-1,-1,-1,7,1
200501BS70194,1,11,0,18,0,8,0,0,0,0,1,1,15,1,7,7300,2,1,3,1
200501BS70194,2,9,0,18,0,8,0,0,0,0,1,1,15,1,9,1998,2,1,1,1
200501BS70195,1,3,0,13,0,8,0,0,0,0,4,1,15,1,7,124,1,2,9,1
200501BS70195,2,9,0,9,0,8,0,0,0,0,3,1,15,1,6,2500,1,5,2,1
200501BS70196,1,3,0,18,0,0,0,0,0,0,0,1,15,1,6,125,1,1,-1,-1
200501BS70197,1,3,0,9,0,8,0,0,0,0,1,1,15,1,8,125,1,4,7,1
200501BS70197,2,9,0,18,0,8,0,0,0,0,4,1,15,2,7,3200,1,2,4,1
200501BS70198,1,9,0,18,0,1,0,0,0,0,2,1,15,2,6,2962,1,16,8,1
200501BS70199,1,9,0,2,0,1,0,0,0,0,3,1,15,2,7,-1,-1,-1,4,1
200501BS70199,2,19,0,18,0,1,0,0,0,0,1,1,1,1,8,-1,-1,-1,3,1
200501BS70199,3,1,0,18,0,1,0,8,0,0,1,1,15,1,7,-1,-1,-1,2,1
200501BS70200,1,19,0,7,0,8,0,0,0,0,4,1,15,1,8,2151,2,2,2,1
200501BS70200,2,1,0,18,0,8,0,0,0,0,1,1,15,2,5,-1,-1,-1,5,1
200501BS70201,1,9,0,3,0,8,0,0,0,0,2,1,15,1,7,1799,1,6,8,1
200501BS70201,2,9,0,18,0,8,0,0,0,0,1,1,15,1,-1,1997,1,1,-1,-1
200501BS70202,1,9,0,4,0,0,0,0,0,0,2,1,15,2,7,1798,1,2,4,1
200501BS70202,2,9,0,18,0,0,0,0,0,0,1,1,15,1,-1,2283,2,5,2,1
200501BS70203,1,9,0,18,0,1,0,0,0,0,2,1,15,1,8,1997,1,14,2,1
200501BS70203,2,9,0,18,0,1,0,0,0,0,1,1,15,2,8,1986,1,17,3,1
200501BS70204,1,3,0,18,0,0,0,0,0,0,1,1,15,1,6,124,1,4,5,1
200501BS70204,2,19,0,6,0,0,0,0,0,0,4,1,15,1,-1,-1,-1,-1,-1,-1
200501BS70205,1,8,0,18,0,0,0,0,0,0,4,1,15,1,7,2664,2,10,10,1
200501BS70206,1,4,0,18,0,2,0,0,0,0,4,1,15,1,7,198,1,2,2,1
200501BS70206,2,9,0,6,0,2,0,0,0,0,3,1,15,2,6,1299,1,1,-1,-1
200501BS70207,1,8,0,18,0,0,0,0,0,0,4,1,15,1,8,2664,2,4,5,1
200501BS70207,2,9,0,2,0,0,0,0,0,0,0,1,15,3,-1,-1,-1,-1,-1,-1
200501BS70207,3,9,0,2,0,0,0,0,0,0,0,1,15,3,-1,-1,-1,-1,-1,-1
200501BS70209,1,9,0,18,0,8,0,0,0,0,1,1,15,2,5,1242,1,1,3,1
200501BS70209,2,9,0,18,0,8,0,0,0,0,3,1,15,1,8,-1,-1,-1,10,1
200501BS70209,3,19,0,2,0,1,0,0,0,0,0,1,15,3,-1,2151,2,1,-1,-1
200501BS70210,1,9,0,18,0,0,0,0,0,0,1,1,15,3,-1,-1,-1,-1,-1,-1
200501BS70211,1,9,0,18,0,8,0,0,0,0,4,1,15,2,6,-1,-1,-1,3,1
200501BS70211,2,9,0,18,0,8,0,0,0,0,1,1,15,2,6,-1,-1,-1,1,1
200501BS70212,1,5,0,11,0,0,0,0,0,0,3,1,15,1,5,937,1,9,7,1
200501BS70212,2,8,0,11,0,0,0,0,0,0,4,1,1,3,-1,-1,-1,-1,-1,-1
200501BS70214,1,11,0,18,0,2,0,0,0,0,4,1,1,3,-1,-1,-1,-1,-1,-1
200501BS70215,1,3,0,18,0,1,0,0,0,0,4,1,15,1,6,-1,-1,-1,4,1
200501BS70215,2,9,0,6,0,1,0,0,0,0,3,1,15,1,7,1998,1,5,3,1
200501BS70216,1,9,0,18,0,8,0,0,0,0,1,1,15,2,6,1905,2,7,-1,-1
200501BS70216,2,9,0,9,0,8,0,0,0,0,4,1,15,2,6,1000,1,5,6,1
200501BS70217,1,5,0,18,0,8,0,0,0,0,0,1,15,1,5,599,1,2,10,1
200501BS70217,2,9,0,12,0,8,0,0,0,0,0,1,15,1,-1,1598,1,4,-1,-1
200501BS70218,1,9,0,2,0,0,0,0,0,0,3,1,15,2,8,-1,-1,-1,4,1
200501BS70218,2,1,0,16,0,0,0,0,0,0,0,1,15,1,4,-1,-1,-1,6,1
200501BS70219,1,11,0,18,0,0,0,0,0,0,0,1,1,1,7,7300,2,4,1,1
200501BS70220,1,11,0,5,0,8,0,0,0,0,0,1,15,1,5,-1,2,39,4,1
200501BS70221,1,5,0,18,0,8,0,0,0,0,1,1,15,1,6,645,1,6,6,1
200501BS70221,2,9,0,9,0,8,0,0,0,0,1,1,15,1,7,1799,1,9,5,1
200501BS70223,1,9,0,4,0,1,0,0,0,0,2,1,15,1,8,2438,1,7,3,1
200501BS70223,2,9,0,18,0,1,0,0,0,0,1,1,15,1,6,-1,-1,-1,4,1
200501BS70224,1,9,0,18,0,0,0,0,0,0,1,1,15,1,7,1997,2,1,3,1
200501BS70225,1,9,0,9,0,8,0,0,0,0,1,1,15,2,7,1595,1,15,-1,-1
200501BS70225,2,4,0,18,0,1,0,0,0,0,1,1,15,1,6,-1,-1,-1,7,1
200501BS70226,1,9,0,11,0,0,0,0,0,0,4,1,15,1,7,-1,-1,-1,-1,-1
200501BS70226,2,9,0,18,0,0,0,0,0,0,1,1,15,1,-1,2304,2,17,-1,-1
200501BS70227,1,1,0,18,0,8,0,0,0,0,3,1,15,1,6,-1,-1,-1,3,1
200501BS70227,2,9,0,7,0,8,0,0,0,0,4,1,15,1,-1,-1,-1,-1,-1,-1
200501BS70228,1,8,0,18,0,1,0,7,1,10,0,1,15,1,9,2664,2,7,8,1
200501BS70228,2,9,0,9,0,8,0,0,0,0,0,1,15,1,-1,1997,1,7,-1,-1
200501BS70229,1,9,0,2,0,8,0,0,0,0,3,1,15,1,7,3199,1,4,10,1
200501BS70229,2,1,0,18,0,8,0,8,0,0,4,1,15,1,5,-1,-1,-1,2,1
200501BS70230,1,9,0,9,0,8,0,0,0,0,0,1,15,1,8,1461,2,2,9,1
200501BS70230,2,3,0,7,0,8,0,0,0,0,1,1,15,1,-1,-1,-1,-1,5,1
200501BS70231,1,9,0,18,0,2,0,0,7,2,1,1,15,2,5,1598,1,2,7,1
200501BS70232,1,5,0,3,0,1,0,0,1,10,4,1,15,1,8,1130,1,1,6,1
200501BS70232,2,9,0,7,0,8,0,0,0,0,1,1,15,3,-1,-1,-1,-1,-1,-1
200501BS70233,1,2,0,18,0,0,0,0,0,0,1,1,15,1,7,-1,-1,-1,6,1
200501BS70234,1,9,0,18,0,8,0,0,0,0,4,1,15,1,8,1596,1,11,2,1
200501BS70234,2,9,0,18,0,8,0,0,0,0,1,1,15,1,-1,1994,2,9,3,1
200501BS70235,1,11,0,18,0,1,0,0,0,0,4,1,1,1,7,-1,-1,-1,9,3
200501BS70235,2,1,0,18,0,1,0,0,1,0,3,1,15,1,5,-1,-1,-1,4,1
200501BS70236,1,5,0,18,0,8,0,0,0,0,1,1,15,1,5,599,1,9,2,1
200501BS70236,2,9,0,10,0,8,0,0,0,0,3,1,15,1,9,1905,2,11,3,1
200501BS70237,1,5,0,18,0,0,0,0,0,0,2,1,15,1,7,1188,1,9,9,1
200501BS70237,2,19,0,18,0,0,0,0,0,0,1,1,15,1,6,1998,2,2,1,1
200501BS70238,1,9,0,2,0,1,0,0,0,0,3,1,15,1,7,1229,1,-1,7,1
200501BS70238,2,1,0,18,0,1,0,0,0,0,1,1,15,1,6,-1,-1,-1,2,1
200501BS70239,1,8,0,16,0,1,0,0,0,0,4,1,1,1,7,2664,2,5,8,1
200501BS70240,1,9,0,18,0,8,0,0,0,0,1,1,15,1,7,2000,1,5,7,1
200501BS70240,2,1,0,18,0,8,0,0,0,0,1,1,15,1,5,-1,-1,-1,4,1
200501BS70241,1,8,0,18,0,1,0,0,1,0,0,1,1,1,7,2664,2,14,4,1
200501BS70243,1,9,0,3,0,0,0,0,0,0,2,1,15,1,7,1834,1,11,1,1
200501BS70243,2,19,0,18,0,0,0,0,0,0,2,1,15,1,8,2496,2,6,2,1
200501BS70244,1,9,0,4,0,8,0,10,3,2,1,1,15,2,6,1235,1,16,6,1
200501BS70245,1,9,0,9,0,8,0,0,0,0,4,1,15,1,9,-1,-1,-1,6,1
200501BS70245,2,3,0,18,0,8,0,0,0,0,1,1,15,1,5,-1,-1,-1,4,1
200501BS70247,1,9,0,7,0,8,0,0,0,0,1,1,15,2,4,1149,1,-1,5,1
200501BS70247,2,1,0,18,0,8,0,0,0,0,1,1,15,2,8,-1,-1,-1,-1,-1
200501BS70248,1,19,0,1,0,0,0,0,0,0,2,1,15,1,6,-1,-1,-1,5,1
200501BS70249,1,3,0,3,0,8,0,0,0,0,1,1,15,1,8,124,1,6,-1,-1
200501BS70249,2,9,0,18,0,8,0,0,0,0,1,1,15,1,6,1242,1,2,2,1
200501BS70250,1,11,0,2,0,0,0,0,0,0,0,1,15,1,8,7300,2,4,4,1
200501BS70251,1,11,0,7,0,8,0,0,0,0,1,1,1,2,8,8268,2,3,3,1
200501BS70251,2,5,0,18,0,8,0,0,0,0,3,1,15,1,7,599,1,4,9,1
200501BS70252,1,9,0,12,0,8,0,0,0,0,1,1,15,1,8,2793,1,8,10,1
200501BS70252,2,3,0,18,0,8,0,0,0,0,0,1,15,1,6,125,1,3,2,1
200501BS70253,1,5,0,18,0,8,0,0,0,0,1,1,15,1,6,-1,-1,-1,2,1
200501BS70253,2,9,0,9,0,8,0,0,0,0,4,1,15,2,6,1242,1,4,10,1
200501BS70254,1,3,0,17,0,8,1,0,0,0,1,1,15,1,6,125,1,-1,-1,-1
200501BS70254,2,9,0,7,0,8,0,0,0,0,3,1,15,2,7,2979,1,-1,7,1
200501BS70255,1,19,0,7,0,8,0,0,0,0,0,1,1,1,8,2295,1,5,3,1
200501BS70255,2,11,0,18,0,8,0,0,0,0,0,1,1,1,6,7300,2,3,3,1
200501BS70256,1,4,0,18,0,8,0,0,0,0,1,1,15,3,-1,-1,-1,-1,-1,-1
200501BS70258,1,1,0,18,0,8,0,0,0,0,3,1,15,1,5,-1,-1,-1,1,1
200501BS70258,2,9,0,7,0,8,0,0,0,0,4,1,15,1,-1,1580,1,11,-1,-1
200501BS70259,1,3,0,18,0,8,0,0,0,0,1,1,15,1,6,124,1,1,5,1
200501BS70259,2,1,0,9,0,8,0,0,0,0,3,1,15,1,-1,-1,-1,-1,-1,-1
200501BS70260,1,3,0,13,0,1,0,0,0,0,1,1,15,1,5,124,1,1,4,1
200501BS70260,2,9,0,9,0,3,0,0,0,0,3,1,15,1,6,1390,1,10,3,1
200501BS70261,1,9,0,9,0,8,0,0,0,0,1,1,15,1,5,1598,1,-1,8,1
200501BS70261,2,1,0,18,0,8,0,0,0,0,3,1,15,1,6,-1,-1,-1,7,1
200501BS70262,1,9,0,9,0,8,0,0,0,0,1,1,15,1,7,1781,1,9,4,1
200501BS70262,2,3,0,13,0,8,0,0,0,0,1,1,15,1,7,124,1,2,5,1
200501BS70263,1,19,0,18,0,0,0,0,0,0,1,1,15,1,7,2151,2,5,9,1
200501BS70263,2,5,0,3,0,0,0,0,0,0,2,1,15,1,7,582,1,1,6,1
200501BS70264,1,9,0,18,0,8,0,0,0,0,4,1,15,1,6,1747,1,9,4,1
200501BS70264,2,9,0,18,0,8,0,0,0,0,1,1,15,1,7,1998,1,1,-1,-1
200501BS70266,1,1,0,15,0,1,0,0,0,0,1,1,15,1,5,-1,-1,-1,4,1
200501BS70266,2,8,0,9,0,1,0,0,0,0,4,1,15,1,7,-1,-1,-1,2,1
200501BS70267,1,9,0,9,0,2,0,0,0,0,1,1,15,2,6,1339,1,2,2,1
200501BS70267,2,9,0,18,0,2,0,0,0,0,2,1,15,1,6,1124,1,14,3,1
200501BS70268,1,11,0,4,0,0,0,0,0,0,4,1,1,1,8,7300,2,1,7,1
200501BS70269,1,2,0,13,0,1,0,0,0,0,1,1,15,1,6,50,1,3,7,1
200501BS70269,2,19,0,16,0,1,0,0,0,0,1,1,15,1,9,2494,2,3,1,1
200501BS70269,3,19,0,9,0,1,0,0,0,0,2,1,15,1,8,1998,2,1,10,1
200501BS70270,1,9,0,13,0,0,0,0,0,0,1,1,15,3,-1,-1,-1,-1,-1,-1
200501BS70270,2,1,0,13,0,0,0,0,0,0,2,1,15,1,7,-1,-1,-1,-1,-1
200501BS70271,1,11,0,3,0,0,0,0,0,0,0,1,1,1,6,4250,2,3,2,1
200501BS70271,2,1,0,18,0,0,0,0,0,0,1,1,15,2,8,-1,-1,-1,3,1
200501BS70272,1,1,0,9,0,1,0,0,0,0,3,1,15,2,5,-1,-1,-1,4,1
200501BS70272,2,9,0,18,0,1,0,0,0,0,4,1,15,3,-1,-1,-1,-1,-1,-1
200501BS70273,1,5,0,18,0,3,0,0,0,0,1,1,15,1,8,1084,1,10,6,1
200501BS70274,1,19,0,6,0,0,0,0,0,0,3,1,15,1,10,2402,2,2,3,1
200501BS70274,2,5,0,18,0,0,0,0,0,0,4,1,15,1,8,1171,1,1,9,1
200501BS70275,1,9,0,18,0,0,0,0,0,0,1,1,15,1,5,1598,1,3,4,1
200501BS70275,2,9,0,18,0,0,0,0,0,0,2,1,15,2,6,2494,1,1,5,1
200501BS70276,1,11,0,2,0,0,0,0,0,0,4,1,1,1,7,8300,2,5,1,1
200501BS70277,1,9,0,5,0,0,0,0,0,0,1,1,15,2,5,999,1,8,4,1
200501BS70277,2,3,0,18,0,0,0,0,0,0,1,1,15,1,8,125,1,4,5,1
200501BS70278,1,3,0,13,0,0,0,0,0,0,3,1,15,1,6,125,1,4,5,1
200501BS70278,2,3,0,18,0,0,0,0,0,0,3,1,15,1,-1,-1,-1,-1,3,1
200501BS70279,1,1,0,18,0,0,0,0,0,0,1,1,15,1,6,-1,-1,-1,3,1
200501BS70279,2,9,0,2,0,0,0,0,0,0,0,1,15,1,-1,-1,-1,-1,8,1
200501BS70280,1,9,0,18,0,8,0,0,0,0,1,1,15,2,-1,-1,-1,-1,3,1
200501BS70281,1,1,0,18,0,8,0,0,0,0,1,1,15,1,7,-1,-1,-1,3,1
200501BS70281,2,9,0,2,0,8,0,0,0,0,3,1,15,1,-1,2148,2,3,-1,-1
200501BS70282,1,2,0,18,0,0,0,0,0,0,1,1,15,1,6,49,1,2,3,1
200501BS70282,2,19,0,5,0,0,0,0,0,0,3,1,15,1,5,1681,2,12,8,1
200501BS70283,1,19,0,2,0,8,0,0,0,0,2,1,15,1,5,1997,2,1,4,1
200501BS70283,2,9,0,18,0,8,0,0,0,0,1,1,15,1,-1,-1,-1,-1,-1,-1
200501BS70284,1,21,0,18,0,8,0,0,0,0,0,1,15,1,7,6370,2,3,10,1
200501BS70284,2,5,0,18,0,8,0,0,0,0,3,1,15,1,9,599,1,1,9,1
200501BS70285,1,3,0,18,0,8,0,0,0,0,3,1,15,1,4,124,1,-1,4,1
200501BS70285,2,9,0,9,0,8,0,0,0,0,1,1,15,1,-1,-1,-1,-1,-1,-1
200501BS70286,1,5,0,18,0,8,0,0,0,0,0,1,15,3,-1,-1,-1,-1,-1,-1
200501BS70287,1,9,0,12,0,0,0,0,0,0,2,1,15,1,9,1998,2,-1,3,1
200501BS70287,2,3,0,18,0,0,0,0,0,0,1,1,15,1,6,125,1,1,1,1
200501BS70288,1,2,0,18,0,8,0,0,0,0,0,1,15,1,4,49,1,1,1,1
200501BS70289,1,9,0,9,0,8,0,0,0,0,3,1,15,2,6,1596,1,4,3,1
200501BS70289,2,11,0,18,0,1,0,0,0,0,1,1,1,1,6,8300,2,5,2,1
200501BS70290,1,5,0,13,0,8,0,0,0,0,4,1,15,1,6,984,1,1,2,1
200501BS70290,2,9,0,9,0,8,0,0,0,0,1,1,15,1,5,1396,1,8,3,1
200501BS70291,1,9,0,7,0,8,0,0,0,0,4,1,15,1,7,2598,1,10,9,1
200501BS70291,2,19,0,18,0,8,0,0,0,0,3,1,15,1,4,-1,-1,-1,9,2
200501BS70292,1,9,0,9,0,8,0,0,0,0,1,1,15,1,7,973,1,5,5,1
200501BS70292,2,5,0,18,0,1,1,0,0,0,1,1,15,1,7,955,1,1,-1,-1
200501BS70293,1,9,0,9,0,2,0,0,0,0,1,1,15,1,7,1999,1,-1,3,1
200501BS70294,1,8,0,4,0,1,0,0,0,0,2,1,1,1,8,2664,2,5,3,1
200501BS70294,2,9,0,18,0,1,0,0,0,0,1,1,15,2,-1,1596,1,10,-1,-1
200501BS70295,1,9,0,10,0,8,0,0,0,0,2,1,15,1,10,1597,1,11,7,1
200501BS70295,2,9,0,4,0,8,0,0,0,0,1,1,15,2,-1,4511,1,2,7,1
200501BS70295,3,9,0,18,0,8,0,0,0,0,1,1,15,1,-1,1796,1,5,-1,-1
200501BS70296,1,5,0,18,0,1,0,0,0,0,3,1,15,2,9,582,1,3,6,1
200501BS70296,2,9,0,11,0,1,0,0,0,0,4,1,15,2,6,1998,1,2,3,1
200501BS70297,1,9,0,3,0,1,0,0,0,0,2,1,15,1,9,1598,1,4,4,1
200501BS70297,2,9,0,18,0,1,0,0,0,0,1,1,15,1,7,1870,2,-1,6,1
200501BS70297,3,8,0,3,0,1,0,0,0,0,2,1,15,1,9,-1,-1,-1,9,1
200501BS70298,1,3,0,3,0,8,0,0,0,0,2,1,15,1,8,124,1,9,2,1
200501BS70298,2,9,0,17,0,8,0,0,0,0,4,1,15,3,-1,-1,-1,-1,-1,-1
200501BS70299,1,1,0,9,0,2,0,0,0,0,2,1,15,1,6,-1,-1,-1,3,1
200501BS70299,2,11,0,18,0,2,0,0,0,0,1,1,1,1,-1,-1,-1,-1,-1,-1
200501BS70300,1,9,0,3,0,1,0,0,0,0,2,1,15,2,7,2982,2,1,6,1
200501BS70300,2,3,0,18,0,1,0,0,0,0,2,1,15,1,-1,124,1,-1,-1,-1
200501BS70300,3,19,0,18,0,1,0,0,0,0,1,1,15,1,-1,1868,2,6,-1,-1
200501BS70301,1,9,0,2,0,2,0,0,0,0,2,1,15,3,-1,-1,-1,-1,-1,-1
200501BS70301,2,1,0,18,0,2,0,4,0,0,1,1,15,1,6,-1,-1,-1,-1,-1
200501BS70302,1,9,0,5,0,8,0,0,0,0,1,1,15,2,5,1587,1,2,5,1
200501BS70302,2,9,0,4,0,8,0,0,0,0,2,1,15,2,8,2000,1,13,8,2
200501BS70303,1,9,0,18,0,8,0,0,0,0,1,1,15,1,6,-1,-1,-1,2,1
200501BS70303,2,11,0,18,0,8,0,0,0,0,3,1,1,1,8,8268,2,2,3,1
200501BS70303,3,19,0,18,0,8,0,0,0,0,0,1,1,1,-1,-1,-1,-1,-1,-1
200501BS70304,1,4,0,18,0,0,0,0,0,0,4,1,15,3,-1,-1,-1,-1,-1,-1
200501BS70305,1,9,0,18,0,0,0,0,0,0,1,1,15,2,6,-1,-1,-1,2,1
200501BS70306,1,1,0,9,0,8,1,0,0,0,0,1,15,2,6,-1,-1,-1,4,1
200501BS70306,2,9,0,9,0,8,0,0,0,0,0,1,15,2,6,2693,1,18,4,1
200501BS70307,1,3,0,18,0,8,0,0,0,0,3,1,15,2,5,124,1,7,2,1
200501BS70307,2,8,0,5,0,8,0,0,0,0,0,1,15,1,-1,-1,-1,-1,-1,-1
200501BS70308,1,9,0,18,0,1,0,0,0,0,1,1,15,1,6,1834,1,4,4,1
200501BS70309,1,11,0,18,0,2,0,0,0,0,0,1,1,1,8,7300,2,1,1,1
200501BS70310,1,9,0,18,0,0,0,0,0,0,4,1,15,1,5,1581,1,6,3,1
200501BS70310,2,9,0,1,0,0,0,0,0,0,2,1,15,1,-1,1587,1,6,-1,-1
200501BS70311,1,2,0,18,0,0,0,0,0,0,1,1,15,1,6,-1,-1,-1,7,1
200501BS70311,2,9,0,12,0,0,0,0,0,0,2,1,15,1,6,1149,1,-1,-1,-1
200501BS70312,1,19,0,18,0,8,0,0,0,0,1,1,15,1,8,2461,2,4,1,1
200501BS70312,2,9,0,9,0,8,0,0,0,0,3,1,15,2,5,1998,2,5,2,1
200501BS70313,1,11,0,18,0,0,0,0,0,0,0,1,1,1,9,7300,2,4,-1,-1
200501BS70313,2,9,0,6,0,0,0,0,0,0,0,1,15,2,-1,-1,-1,-1,-1,-1
200501BS70314,1,11,0,18,0,2,0,0,0,0,0,1,1,1,7,8268,2,3,2,1
200501BS70315,1,11,0,18,0,1,0,0,0,0,3,1,1,1,6,8268,2,2,8,1
200501BS70315,2,21,0,18,0,1,0,0,0,0,4,1,15,1,6,-1,2,5,2,1
200501BS70317,1,9,0,7,0,8,0,0,0,0,1,1,15,1,4,1598,1,1,4,1
200501BS70318,1,5,0,18,0,8,0,0,0,0,1,1,15,1,6,599,1,4,5,1
200501BS70318,2,9,0,9,0,8,0,0,0,0,3,1,15,2,6,-1,-1,-1,-1,-1
200501BS70319,1,3,0,18,0,2,0,0,0,0,1,1,15,1,5,124,1,4,2,1
200501BS70319,2,1,0,18,0,1,0,0,0,0,1,1,15,1,5,-1,-1,-1,3,1
200501BS70321,1,9,0,18,0,0,1,0,0,0,1,1,15,1,6,1753,2,10,7,1
200501BS70322,1,9,0,18,0,1,0,0,0,0,1,1,15,1,5,1686,2,2,9,1
200501BS70322,2,9,0,18,0,1,0,0,0,0,2,1,15,1,-1,1948,1,7,-1,-1
200501BS70323,1,9,0,18,0,8,0,0,0,0,1,1,15,3,-1,1598,1,4,-1,-1
200501BS70323,2,1,0,9,0,8,0,0,0,0,4,1,15,1,7,-1,-1,-1,3,1
200501BS70324,1,11,0,18,0,0,0,0,0,0,0,1,1,1,5,-1,-1,-1,-1,-1
200501BS70324,2,9,0,11,0,0,0,0,0,0,0,1,15,3,-1,-1,-1,-1,-1,-1
200501BS70325,1,9,0,2,0,8,0,0,0,0,1,1,15,2,6,1242,1,2,3,1
200501BS70325,2,20,0,1,0,8,0,0,0,0,2,1,15,1,5,-1,-1,-1,6,1
200501BS70326,1,9,0,9,0,8,0,0,0,0,4,1,15,1,6,-1,-1,-1,7,1
200501BS70326,2,1,0,15,0,8,0,0,0,0,1,1,15,1,7,-1,-1,-1,7,1
200501BS70327,1,9,0,4,0,8,0,0,0,0,3,1,15,1,7,-1,-1,-1,7,1
200501BS70327,2,9,0,18,0,8,0,0,0,0,4,1,15,1,-1,2521,1,-1,-1,-1
200501BS70328,1,9,0,18,0,8,0,0,0,0,4,1,15,2,7,3700,1,3,-1,-1
200501BS70328,2,9,0,3,0,8,0,0,0,0,3,1,15,1,6,-1,-1,-1,7,1
200501BS70329,1,9,0,6,0,0,0,0,0,0,3,1,15,1,7,4999,1,1,9,1
200501BS70329,2,5,0,18,0,0,0,0,0,0,1,1,15,1,6,-1,-1,-1,7,1
200501BS70330,1,1,0,3,4,8,0,0,0,0,2,1,15,1,6,-1,-1,-1,3,1
200501BS70330,2,9,0,15,4,8,0,0,0,0,1,1,15,1,-1,-1,-1,-1,-1,-1
200501BS70331,1,5,0,18,0,1,0,0,0,0,3,1,15,1,7,-1,-1,-1,6,1
200501BS70332,1,9,0,18,0,1,0,0,0,0,1,1,15,2,-1,3199,1,2,6,1
200501BS70332,2,9,0,6,0,1,0,0,0,0,3,1,15,1,6,2188,2,3,-1,-1
200501BS70333,1,2,0,18,0,2,0,0,0,0,1,1,15,1,6,49,1,6,6,1
200501BS70333,2,8,0,11,0,2,0,0,0,0,4,1,1,1,8,2402,2,2,10,1
200501BS70334,1,9,0,5,8,2,0,0,0,0,1,1,15,3,-1,1590,1,12,-1,-1
200501BS70334,2,1,0,18,0,2,0,0,0,0,3,1,15,2,6,-1,-1,-1,-1,-1
200501BS70335,1,9,0,18,0,8,0,0,0,0,3,1,15,1,7,1390,1,7,7,1
200501BS70335,2,9,0,18,0,8,0,0,0,0,1,1,15,2,9,1968,2,1,6,1
200501BS70336,1,9,0,16,0,0,0,0,0,0,3,1,15,3,-1,-1,-1,-1,-1,-1
200501BS70337,1,9,0,1,0,8,0,0,0,0,0,1,15,1,4,1598,1,3,3,1
200501BS70338,1,1,0,7,0,8,0,0,0,0,4,1,15,2,9,-1,-1,-1,4,1
200501BS70338,2,9,0,7,0,8,0,0,0,0,4,1,15,2,-1,-1,-1,-1,-1,-1
200501BS70339,1,19,0,6,0,2,0,0,0,0,3,1,15,1,5,1461,2,2,4,1
200501BS70339,2,4,0,13,0,2,0,0,0,0,1,1,15,1,6,-1,-1,-1,4,1
200501BS70340,1,20,1,9,0,8,0,0,0,0,4,1,15,1,6,-1,-1,-1,1,1
200501BS70340,2,5,0,18,0,8,1,0,0,0,1,1,15,1,6,599,1,5,2,1
200501BS70341,1,9,0,18,0,8,0,0,0,0,3,1,15,1,7,1905,2,7,7,1
200501BS70341,2,1,0,18,0,8,0,0,0,0,1,1,15,1,4,-1,-1,-1,-1,-1
200501BS70342,1,9,0,9,0,8,0,0,0,0,4,1,15,2,9,1390,1,5,8,1
200501BS70342,2,9,0,18,0,8,0,0,0,0,1,1,15,3,-1,4398,1,4,-1,-1
200501BS70343,1,1,0,18,0,0,0,8,0,0,3,1,15,1,7,-1,-1,-1,4,1
200501BS70343,2,9,0,2,0,0,0,0,0,0,3,1,15,3,-1,-1,-1,-1,-1,-1
200501BS70344,1,9,0,18,0,2,0,0,3,10,1,1,15,1,8,4966,1,3,-1,-1
200501BS70346,1,9,0,2,0,0,0,0,0,0,3,1,1,1,8,2401,2,-1,1,1
200501BS70346,2,2,0,18,0,0,0,0,0,0,1,1,15,1,6,50,1,5,10,1
200501BS70346,3,9,0,2,0,0,0,0,0,0,3,1,15,2,-1,1390,1,7,7,1
200501BS70347,1,9,0,18,0,1,0,0,0,0,1,1,15,1,-1,-1,-1,-1,-1,-1
200501BS70347,2,1,0,4,0,1,0,0,0,0,2,1,15,1,5,-1,-1,-1,4,1
200501BS70348,1,9,0,2,0,1,0,0,0,0,3,1,15,1,9,1299,1,6,-1,-1
200501BS70348,2,1,0,18,0,1,0,8,0,0,1,1,15,2,5,-1,-1,-1,-1,-1
200501BS70349,1,9,0,18,0,0,0,0,0,0,3,1,15,2,7,-1,-1,-1,2,1
200501BS70349,2,11,0,3,0,0,0,0,0,0,0,1,1,3,-1,-1,-1,-1,-1,-1
200501BS70350,1,19,0,9,0,8,0,0,0,0,1,1,15,1,7,2402,2,-1,-1,-1
200501BS70350,2,3,0,14,0,8,0,0,0,0,1,1,15,1,6,124,1,11,-1,-1
200501BS70350,3,19,0,18,0,8,0,0,0,0,0,1,15,1,7,2874,2,7,8,1
200501BS70351,1,8,0,18,0,8,0,0,0,0,3,1,15,1,9,2664,2,10,-1,-1
200501BS70351,2,9,0,9,0,8,0,0,0,0,1,1,15,1,-1,-1,-1,-1,6,1
200501BS70352,1,5,0,18,0,8,0,0,0,0,3,1,15,1,8,1116,1,27,6,1
200501BS70352,2,10,0,9,0,8,0,0,0,0,1,1,15,1,5,2461,2,1,1,1
200501BS70353,1,90,0,7,0,1,0,4,1,4,1,1,15,1,5,-1,-1,-1,-1,-1
200501BS70353,2,9,0,2,0,1,0,0,0,0,3,1,15,1,6,-1,-1,-1,2,1
200501BS70354,1,9,0,18,0,8,0,0,0,0,1,1,15,1,7,2496,2,2,4,1
200501BS70354,2,9,0,18,0,8,0,10,3,10,4,1,15,2,7,-1,-1,-1,7,1
200501BS70355,1,9,0,7,0,8,0,0,0,0,4,1,15,1,7,1998,1,1,2,1
200501BS70355,2,1,0,18,0,8,0,0,0,0,1,1,15,1,6,-1,-1,-1,4,1
200501BS70356,1,11,0,18,0,0,0,0,0,0,1,1,15,1,7,7300,2,2,-1,-1
200501BS70357,1,9,0,18,0,0,0,0,0,0,1,1,15,1,9,-1,-1,-1,6,1
200501BS70357,2,1,0,18,0,0,0,0,0,0,2,1,15,1,7,-1,-1,-1,2,1
200501BS70358,1,9,0,7,0,0,0,10,7,2,1,1,15,1,6,3239,1,7,8,1
200501BS70359,1,1,0,18,0,8,0,0,0,0,1,1,15,1,6,-1,-1,-1,4,1
200501BS70359,2,9,0,9,0,8,0,0,0,0,4,1,15,1,-1,1998,1,11,-1,-1
200501BS70360,1,9,0,18,0,1,0,0,0,0,4,1,15,1,9,-1,-1,-1,9,3
200501BS70361,1,8,0,7,0,8,0,0,0,0,4,1,15,1,-1,2402,2,1,4,1
200501BS70361,2,1,0,15,0,8,0,0,0,0,3,1,15,1,5,-1,-1,-1,6,1
200501BS70362,1,9,0,18,0,0,0,0,0,0,3,1,15,2,4,1124,1,3,10,1
200501BS70362,2,9,0,13,0,0,0,0,0,0,4,1,15,1,-1,1868,2,3,-1,-1
200501BS70363,1,19,0,2,0,8,0,0,0,0,3,1,15,1,7,5861,2,10,7,2
200501BS70363,2,1,0,18,0,8,0,0,0,0,1,1,15,2,7,-1,-1,-1,-1,-1
200501BS70364,1,9,0,9,0,8,0,0,0,0,3,1,15,1,5,2494,1,2,7,1
200501BS70364,2,1,0,18,0,8,0,0,0,0,1,1,15,1,6,-1,-1,-1,9,1
200501BS70365,1,19,0,18,0,8,0,0,0,0,1,1,15,1,5,2496,2,12,5,1
200501BS70365,2,9,0,18,0,8,0,0,0,0,3,1,15,2,10,1596,1,5,9,1
200501BS70366,1,9,0,18,0,0,0,0,0,0,2,1,15,2,7,1389,1,7,3,1
200501BS70366,2,9,0,18,0,0,0,0,0,0,1,1,15,2,-1,-1,-1,-1,-1,-1
200501BS70367,1,5,0,18,0,8,0,0,0,0,3,1,15,1,7,1084,1,3,5,1
200501BS70367,2,9,0,6,0,8,0,0,0,0,3,1,15,1,-1,-1,-1,-1,-1,-1
200501BS70369,1,8,0,7,0,8,0,0,0,0,2,1,15,1,7,2664,2,8,3,1
200501BS70369,2,9,0,9,0,8,0,0,0,0,0,1,15,2,6,1895,1,5,4,1
200501BS70369,3,1,0,7,0,8,0,0,0,0,1,1,15,1,6,-1,-1,-1,2,1
200501BS70370,1,8,0,7,0,8,0,0,0,0,2,1,15,1,8,2362,1,1,6,1
200501BS70370,2,9,0,8,0,8,0,0,0,0,1,1,15,1,7,-1,-1,-1,8,1
200501BS70371,1,9,0,15,0,0,0,0,0,0,3,1,15,1,7,2295,1,4,6,1
200501BS70371,2,2,0,13,0,0,0,0,0,0,4,1,15,1,6,49,1,-1,4,1
200501BS70372,1,9,0,6,0,1,0,0,0,0,4,1,15,1,6,-1,-1,-1,5,1
200501BS70372,2,4,0,18,0,1,0,0,0,0,1,1,15,1,-1,-1,-1,-1,7,1
200501BS70373,1,9,0,18,0,0,0,0,0,0,1,1,15,2,6,1124,1,6,3,1
200501BS70373,2,11,0,2,0,0,0,0,0,0,0,1,1,3,-1,-1,-1,-1,-1,-1
200501BS70374,1,1,0,18,0,0,0,0,0,0,3,1,15,1,6,-1,-1,-1,3,1
200501BS70374,2,11,0,18,0,0,0,0,0,0,4,1,15,1,8,8268,2,3,6,1
200501BS70375,1,9,0,9,0,8,0,0,0,0,1,1,15,1,4,1598,1,1,6,1
200501BS70375,2,1,0,7,0,8,0,0,0,0,1,1,15,1,9,-1,-1,-1,6,1
200501BS70376,1,9,0,16,0,3,2,10,7,7,4,1,15,2,7,698,1,-1,-1,-1
200501BS70376,2,9,0,16,0,3,0,0,0,0,3,1,15,1,9,2997,2,15,6,3
200501BS70377,1,1,0,18,0,1,0,0,0,0,1,1,15,1,6,-1,-1,-1,3,1
200501BS70377,2,19,0,9,0,8,0,0,0,0,4,1,15,1,-1,-1,-1,-1,-1,-1
200501BS70378,1,9,0,18,0,8,0,0,0,0,1,1,15,1,6,-1,-1,-1,2,1
200501BS70378,2,19,0,9,0,8,0,0,0,0,4,1,15,1,-1,1870,2,-1,-1,-1
200501BS70379,1,8,0,9,0,8,0,0,0,0,3,1,15,1,6,1597,1,9,3,1
200501BS70379,2,3,0,18,0,8,1,0,0,0,1,1,15,1,7,124,1,1,8,1
200501BS70380,1,1,0,18,0,1,1,0,1,0,0,1,15,2,6,-1,-1,-1,3,1
200501BS70380,2,9,0,9,0,1,0,0,0,0,1,1,15,2,7,1998,1,4,3,1
200501BS70381,1,19,0,18,0,0,0,0,0,0,1,1,15,1,7,1753,1,7,4,1
200501BS70382,1,5,0,18,0,1,0,0,0,0,0,1,15,1,7,900,1,3,2,1
200501BS70383,1,11,0,2,0,8,0,0,0,0,0,1,1,1,5,-1,-1,-1,5,1
200501BS70384,1,20,0,13,0,0,0,0,0,0,4,1,15,1,6,-1,-1,-1,4,1
200501BS70384,2,1,0,18,0,0,0,4,0,0,1,1,15,1,9,-1,-1,-1,-1,-1
200501BS70384,3,9,0,2,0,0,0,0,0,0,3,1,15,3,-1,-1,-1,-1,-1,-1
200501BS70385,1,9,0,18,0,8,1,0,0,0,1,2,15,1,6,-1,-1,-1,3,1
200501BS70385,2,9,0,7,0,8,0,0,0,0,3,1,15,1,6,1339,1,-1,7,1
200501BS70385,3,9,0,2,0,8,0,0,0,0,4,1,15,1,7,1781,1,12,6,1
200501BS70385,4,3,0,2,0,8,0,0,0,0,3,1,15,1,-1,124,1,1,4,1
200501BS70386,1,8,0,5,0,8,0,0,0,0,3,1,1,1,9,3947,1,11,2,1
200501BS70387,1,9,0,2,0,8,0,0,0,0,3,1,15,1,8,2685,2,-1,-1,-1
200501BS70387,2,1,0,18,0,8,0,0,0,0,1,1,15,1,6,-1,-1,-1,4,1
200501BS70388,1,8,0,6,0,2,0,0,0,0,3,1,15,1,8,2148,2,1,3,1
200501BS70388,2,3,0,18,0,2,0,0,0,0,1,1,15,2,6,124,1,7,7,1
200501BS70389,1,9,0,18,0,1,0,0,0,0,1,1,15,1,6,1198,1,-1,-1,-1
200501BS70391,1,11,0,18,0,8,0,0,0,0,0,1,1,1,8,7300,2,1,3,1
200501BS70391,2,19,0,7,0,8,0,0,0,0,1,1,15,1,-1,-1,-1,-1,-1,-1
200501BS70392,1,8,0,2,0,0,0,0,0,0,2,1,1,1,8,2664,2,4,4,1
200501BS70392,2,9,0,18,0,0,0,0,0,0,1,1,15,1,6,1988,2,-1,4,1
200501BS70393,1,9,0,16,0,2,0,0,0,0,3,1,15,1,-1,1595,1,7,9,1
200501BS70393,2,4,0,18,0,2,0,0,0,0,4,1,15,1,7,-1,-1,-1,3,1
200501BS70394,1,11,0,18,0,1,0,0,0,0,3,1,1,2,9,7300,2,3,2,1
200501BS70394,2,9,0,7,0,8,0,0,0,0,4,1,15,2,9,-1,-1,-1,6,1
200501BS70395,1,9,0,7,0,1,0,0,0,0,4,1,15,1,5,1390,1,1,2,1
200501BS70395,2,5,0,15,0,1,0,0,0,0,1,1,15,1,6,-1,-1,-1,7,1
200501BS70396,1,3,0,18,0,8,0,0,0,0,1,1,15,1,5,124,1,-1,2,1
200501BS70398,1,9,0,9,0,8,0,0,0,0,1,1,15,2,4,1196,1,10,8,1
200501BS70398,2,5,0,18,0,8,0,0,0,0,1,1,15,1,7,-1,-1,-1,5,1
200501BS70399,1,9,0,8,0,1,0,0,0,0,2,1,15,2,8,1391,1,10,1,1
200501BS70399,2,9,0,18,0,1,0,0,0,0,1,1,15,1,6,-1,-1,-1,4,1
200501BS70400,1,9,0,18,0,8,0,0,0,0,1,1,15,1,-1,1896,2,4,-1,-1
200501BS70401,1,3,0,18,0,1,0,0,0,0,1,1,15,1,5,124,1,1,2,1
200501BS70402,1,1,0,18,0,8,0,0,0,0,1,1,15,2,8,-1,-1,-1,3,1
200501BS70402,2,9,0,2,0,8,0,0,0,0,4,1,15,1,-1,1598,2,18,-1,-1
200501BS70403,1,1,0,18,0,8,0,0,0,0,1,1,15,1,6,-1,-1,-1,7,1
200501BS70403,2,9,0,7,0,8,0,0,0,0,4,1,15,2,-1,1360,1,5,-1,-1
200501BS70404,1,9,0,18,0,1,0,0,0,0,4,1,15,2,8,2398,1,6,8,1
200501BS70404,2,1,0,5,0,1,0,0,0,0,1,1,15,2,-1,-1,-1,-1,-1,-1
200501BS70405,1,9,0,18,0,8,0,0,0,0,4,1,15,2,-1,-1,-1,-1,7,1
200501BS70406,1,5,0,17,0,8,0,0,0,0,3,1,15,1,6,955,1,7,10,2
200501BS70406,2,9,0,11,0,8,0,0,0,0,1,1,15,1,6,-1,-1,-1,3,1
200501BS70407,1,1,0,7,9,2,0,4,0,0,1,1,15,1,9,-1,-1,-1,1,1
200501BS70407,2,9,0,2,0,2,0,0,0,0,2,1,15,1,-1,1753,2,6,2,1
200501BS70408,1,1,0,14,0,0,0,0,0,0,2,1,15,2,7,-1,-1,-1,5,1
200501BS70408,2,9,0,14,0,0,0,0,0,0,1,1,15,1,-1,-1,-1,-1,7,1
200501BS70409,1,1,0,18,0,8,0,0,0,0,1,1,15,2,8,-1,-1,-1,7,1
200501BS70409,2,9,0,10,0,8,0,0,0,0,1,1,15,1,-1,-1,-1,-1,-1,-1
200501BS70410,1,9,0,18,0,8,0,0,0,0,3,1,15,1,6,1896,1,7,4,1
200501BS70410,2,1,0,18,0,8,0,0,0,0,1,1,15,1,6,-1,-1,-1,2,1
200501BS70411,1,9,0,18,0,8,0,0,0,0,1,1,15,1,4,1396,1,11,-1,-1
200501BS70412,1,9,0,18,0,2,0,0,0,0,1,1,15,1,-1,-1,-1,-1,4,1
200501BS70412,2,9,0,18,0,2,0,0,0,0,2,1,15,1,10,-1,-1,-1,4,1
200501BS70413,1,2,0,18,0,8,0,0,0,0,3,1,15,1,5,-1,-1,-1,4,1
200501BS70413,2,9,0,6,0,8,0,0,0,0,4,1,15,1,-1,1796,1,7,-1,-1
200501BS70414,1,3,0,18,0,0,0,0,0,0,1,1,15,1,6,85,1,7,2,1
200501BS70414,2,9,0,14,0,0,0,0,0,0,1,1,15,1,7,1597,1,10,3,1
200501BS70415,1,8,0,9,0,8,0,0,0,0,3,1,15,1,10,-1,-1,-1,5,1
200501BS70415,2,1,0,18,0,8,0,0,0,0,1,1,15,1,6,-1,-1,-1,5,1
200501BS70416,1,11,0,2,0,8,0,0,0,0,0,1,1,1,6,7300,2,4,2,1
200501BS70417,1,1,0,18,0,8,0,0,0,0,0,1,15,1,6,-1,-1,-1,8,1
200501BS70417,2,9,0,7,0,8,0,0,0,0,0,1,15,1,-1,-1,-1,-1,-1,-1
200501BS70419,1,3,0,2,0,2,0,0,0,0,1,1,15,1,6,125,1,2,2,1
200501BS70419,2,19,0,1,0,2,0,0,0,0,2,1,15,1,6,2151,2,3,4,1
200501BS70420,1,9,0,2,0,2,0,0,0,0,3,1,15,2,8,-1,-1,-1,-1,-1
200501BS70420,2,1,0,9,0,2,0,0,0,0,1,1,15,1,-1,-1,-1,-1,-1,-1
200501BS70421,1,5,0,18,0,1,0,0,0,0,4,1,15,1,7,800,1,7,-1,-1
200501BS70422,1,2,0,18,0,2,0,0,0,0,1,1,15,1,6,-1,-1,-1,10,1
200501BS70422,2,9,0,6,0,2,0,0,0,0,3,1,15,1,6,1747,1,5,9,1
200501BS70423,1,9,0,18,0,1,0,0,1,10,1,1,15,2,6,1390,1,5,4,1
200501BS70423,2,9,0,11,0,1,0,0,0,0,0,1,15,1,9,1796,1,8,5,1
200501BS70424,1,9,0,2,0,8,0,0,0,0,4,1,15,1,7,1997,1,13,3,1
200501BS70424,2,1,0,18,0,8,0,0,0,0,1,1,15,1,5,-1,-1,-1,4,1
200501BS70425,1,9,0,9,0,8,0,0,0,0,1,1,15,2,5,1390,1,4,-1,-1
200501BS70425,2,2,0,18,0,8,0,0,0,0,3,1,15,2,6,49,1,3,6,1
200501BS70426,1,9,0,18,0,8,0,0,0,0,1,1,15,2,-1,1998,1,9,5,1
200501BS70426,2,9,0,18,0,8,0,0,0,0,3,1,15,1,9,-1,-1,-1,7,1
200501BS70427,1,5,0,18,0,8,0,0,0,0,1,1,15,1,7,553,1,12,-1,-1
200501BS70427,2,19,0,9,0,8,0,0,0,0,3,1,15,1,9,1753,2,6,7,1
200501BS70429,1,9,0,9,0,8,0,0,0,0,0,1,15,2,6,-1,-1,-1,2,1
200501BS70430,1,9,0,3,0,8,0,0,0,0,2,1,15,2,-1,1998,1,6,5,1
200501BS70430,2,9,0,18,0,8,0,0,0,0,1,1,15,1,7,3199,1,1,7,1
200501BS70431,1,9,0,9,0,8,0,0,0,0,1,1,15,1,5,1272,1,19,6,1
200501BS70431,2,2,0,18,0,8,0,0,0,0,1,1,15,1,5,-1,-1,-1,6,1
200501BS70432,1,9,0,18,0,2,0,0,0,0,3,1,15,1,5,1200,1,2,2,1
200501BS70433,1,9,0,9,0,8,0,0,0,0,2,1,15,1,8,999,1,8,5,1
200501BS70433,2,5,0,13,0,8,0,0,0,0,1,1,15,1,6,652,1,13,3,1
200501BS70434,1,9,0,9,0,1,0,0,0,0,2,1,15,1,8,1951,2,2,-1,-1
200501BS70434,2,9,0,18,0,1,0,0,0,0,1,1,15,2,7,1596,1,10,1,1
200501BS70435,1,1,0,9,0,1,0,0,0,0,1,1,15,1,5,-1,-1,-1,4,1
200501BS70435,2,4,0,18,0,1,0,0,0,0,3,1,15,1,6,398,1,13,3,1
200501BS70436,1,9,0,7,0,2,0,0,0,0,1,1,15,1,7,2494,1,5,1,1
200501BS70436,2,9,0,1,0,2,0,0,0,0,2,1,15,2,-1,-1,-1,-1,-1,-1
200501BS70437,1,3,0,7,0,1,0,0,0,0,3,1,15,1,7,124,1,-1,8,1
200501BS70437,2,9,0,7,0,1,0,0,0,0,0,1,15,3,-1,-1,-1,-1,-1,-1
200501BS70438,1,9,0,9,0,8,0,0,0,0,3,1,15,1,6,3596,1,4,-1,-1
200501BS70438,2,1,0,18,0,8,0,0,0,0,1,1,15,1,6,-1,-1,-1,-1,-1
200501BS70439,1,3,0,18,0,8,0,0,0,0,1,1,15,1,6,125,1,2,2,1
200501BS70439,2,9,0,9,0,8,0,0,0,0,4,1,15,1,6,1850,1,7,3,1
200501BS70440,1,19,0,18,0,2,0,0,0,0,3,1,15,2,8,-1,-1,-1,3,1
200501BS70441,1,9,0,18,0,0,0,10,1,4,1,1,15,1,4,-1,-1,-1,1,1
200501BS70442,1,9,0,18,0,0,0,0,0,0,3,1,15,1,5,-1,-1,-1,9,1
200501BS70444,1,9,0,9,0,2,0,0,0,0,1,1,15,2,6,1396,1,4,8,1
200501BS70444,2,9,0,18,0,2,0,0,0,0,4,1,15,1,4,1896,2,2,3,1
200501BS70445,1,9,0,9,0,1,0,0,0,0,3,1,15,1,7,1986,1,15,3,1
200501BS70445,2,1,0,18,0,1,0,0,0,0,1,1,15,2,6,-1,-1,-1,1,1
200501BS70446,1,3,0,5,0,1,0,0,0,0,1,1,15,1,6,100,1,4,-1,-1
200501BS70447,1,9,0,9,0,8,0,0,0,0,4,1,15,2,6,1390,1,6,3,1
200501BS70447,2,1,0,18,0,8,0,0,0,0,1,1,15,1,6,-1,-1,-1,4,1
200501BS70448,1,1,0,18,0,1,0,0,0,0,0,1,15,2,8,-1,-1,-1,1,1
200501BS70448,2,9,0,9,0,8,0,0,0,0,0,1,15,2,7,1597,1,9,1,1
200501BS70449,1,8,0,7,0,8,0,0,0,0,1,1,1,1,7,-1,-1,-1,5,1
200501BS70449,2,1,0,18,0,2,0,0,0,0,4,1,15,2,10,-1,-1,-1,4,1
200501BS70450,1,5,0,18,0,8,0,0,0,0,0,1,15,1,8,599,1,7,6,1
200501BS70450,2,9,0,9,0,8,0,0,0,0,0,1,15,1,7,1986,1,16,3,1
200501BS70451,1,1,0,18,0,8,0,0,0,0,3,1,15,1,6,-1,-1,-1,2,1
200501BS70451,2,9,0,18,0,8,0,0,0,0,1,1,15,2,6,1360,1,8,3,1
200501BS70452,1,19,0,18,0,8,0,0,0,0,1,1,15,1,-1,1997,2,2,4,1
200501BS70453,1,2,0,18,0,8,0,0,0,0,1,1,15,1,6,49,1,-1,-1,-1
200501BS70456,1,21,0,9,0,8,0,0,0,0,3,1,1,1,8,4580,2,5,-1,-1
200501BS70456,2,19,0,18,0,8,0,0,0,0,4,1,15,1,7,1686,2,1,2,1
200501BS70458,1,3,0,13,0,0,0,0,0,0,1,1,15,1,6,125,1,1,1,1
200501BS70458,2,9,0,6,0,0,0,0,0,0,3,1,15,2,4,1299,1,6,4,1
200501BS70459,1,19,0,7,0,8,0,10,1,0,1,1,1,1,9,1968,1,5,-1,-1
200501BS70460,1,3,0,18,0,0,0,0,0,0,4,1,15,1,4,124,1,6,1,1
200501BS70461,1,5,0,18,0,0,0,0,0,0,3,1,15,1,7,625,1,1,3,1
200501BS70461,2,9,0,6,0,0,0,0,0,0,1,1,15,1,6,3996,1,4,4,1
200501BS70462,1,1,0,18,0,8,0,0,0,0,1,1,15,1,9,-1,-1,-1,6,1
200501BS70462,2,9,0,2,0,8,0,0,0,0,4,1,15,2,-1,-1,-1,-1,-1,-1
200501BS70463,1,5,0,13,0,1,0,0,0,0,1,1,15,2,7,998,1,2,9,1
200501BS70463,2,9,0,9,0,1,0,0,0,0,3,1,15,1,9,-1,-1,-1,7,1
200501BS70464,1,9,0,16,0,8,0,7,7,0,1,1,15,1,5,1598,1,2,7,3
200501BS70464,2,9,0,9,0,8,0,0,0,0,4,1,15,1,7,1595,1,3,7,1
200501BS70465,1,11,0,4,0,2,0,0,0,0,1,1,1,1,7,5883,2,3,-1,-1
200501BS70466,1,9,0,18,0,0,0,0,0,0,1,1,15,1,10,1783,1,3,8,1
200501BS70467,1,9,0,5,0,0,0,0,0,0,0,1,15,2,7,1747,1,9,3,1
200501BS70467,2,2,0,18,0,0,0,0,0,0,0,1,15,2,5,49,1,3,4,1
200501BS70468,1,9,0,18,0,0,5,0,0,0,3,1,15,1,6,1781,1,9,4,1
200501BS70468,2,9,0,2,0,0,0,0,0,0,4,1,15,3,-1,-1,-1,-1,-1,-1
200501BS70468,3,9,0,2,0,0,0,0,0,0,4,1,15,3,-1,-1,-1,-1,-1,-1
200501BS70469,1,2,0,18,0,1,1,0,0,0,1,1,15,1,6,-1,-1,-1,4,1
200501BS70469,2,9,0,9,0,8,0,0,0,0,3,1,15,2,7,1149,1,5,7,1
200501BS70470,1,5,0,18,0,8,0,0,0,0,1,1,15,1,6,948,1,20,3,1
200501BS70470,2,9,0,9,0,8,0,0,0,0,4,1,15,1,-1,-1,-1,-1,-1,-1
200501BS70471,1,9,0,18,0,0,0,0,0,0,1,1,15,1,4,1299,1,6,6,1
200501BS70471,2,9,0,3,0,0,0,0,0,0,2,1,15,1,9,1998,1,1,-1,-1
200501BS70471,3,9,0,3,0,0,0,0,0,0,2,1,15,2,7,1783,1,9,2,1
200501BS70472,1,9,0,18,0,0,0,7,0,0,0,1,15,1,5,2793,1,5,6,1
200501BS70472,2,9,0,15,0,0,0,0,0,0,0,1,15,3,-1,-1,-1,-1,-1,-1
200501BS70473,1,3,0,18,0,8,0,0,0,0,1,1,15,1,4,124,1,3,-1,-1
200501BS70473,2,9,0,9,0,8,0,0,0,0,3,1,15,1,7,2979,1,3,4,1
200501BS70474,1,9,0,18,0,1,0,0,0,0,1,1,15,1,6,1970,1,4,3,1
200501BS70475,1,9,0,18,0,8,0,0,0,0,1,1,15,1,5,-1,-1,-1,3,1
200501BS70479,1,9,0,5,0,1,0,0,0,0,3,1,15,1,6,1396,1,8,5,1
200501BS70479,2,1,0,18,0,1,0,0,0,0,1,1,15,2,6,-1,-1,-1,1,1
200501BS70480,1,8,0,18,0,8,0,0,0,0,4,1,1,1,9,2664,2,10,-1,-1
200501BS70481,1,3,0,18,0,0,0,0,0,0,1,1,15,1,6,124,1,-1,7,1
200501BS70481,2,8,0,6,0,0,0,0,0,0,3,1,15,1,9,-1,-1,-1,6,1
200501BS70482,1,9,0,18,0,8,0,0,0,0,1,1,15,2,8,1599,1,-1,2,1
200501BS70482,2,9,0,7,0,8,0,0,0,0,1,1,15,2,5,1043,1,14,-1,-1
200501BS70483,1,8,0,14,0,8,0,0,0,0,1,1,1,1,6,2664,2,6,3,1
200501BS70483,2,11,0,7,0,8,0,0,0,0,1,1,1,1,6,7300,2,1,5,1
200501BS70484,1,9,0,18,0,8,0,0,0,0,1,1,15,1,-1,-1,-1,-1,-1,-1
200501BS70485,1,1,0,18,0,2,0,0,0,0,1,1,15,1,7,-1,-1,-1,7,1
200501BS70486,1,9,0,18,0,8,0,0,0,0,3,1,15,1,10,1242,1,4,1,1
200501BS70486,2,90,0,18,0,8,0,0,0,0,3,1,15,1,11,-1,-1,-1,2,1
200501BS70487,1,9,0,1,0,1,0,0,0,0,2,1,15,2,-1,1766,1,22,-1,-1
200501BS70488,1,9,0,9,0,0,0,0,0,0,3,1,15,2,5,-1,-1,-1,6,3
200501BS70488,2,1,0,13,0,0,0,0,0,0,1,1,15,1,7,-1,-1,-1,-1,-1
200501BS70489,1,20,0,6,0,8,0,0,0,0,0,1,15,1,8,2449,2,3,7,1
200501BS70489,2,5,0,18,0,8,0,0,0,0,3,1,15,1,7,647,1,3,5,1
200501BS70490,1,3,0,13,0,0,0,0,0,0,3,1,15,1,4,125,1,5,-1,-1
200501BS70490,2,9,0,18,0,0,0,0,0,0,3,1,15,1,4,1998,1,11,6,1
200501BS70490,3,9,0,4,0,0,0,0,0,0,3,1,15,2,5,1595,1,2,7,1
200501BS70491,1,9,0,18,0,8,0,0,0,0,3,1,15,1,6,1991,1,8,2,1
200501BS70491,2,5,0,18,0,8,0,0,0,0,1,1,15,1,6,618,1,1,3,1
200501BS70493,1,2,0,18,0,8,0,0,0,0,1,1,15,3,-1,-1,-1,-1,-1,-1
200501BS70494,1,1,0,18,0,8,0,0,0,0,1,1,15,1,5,-1,-1,-1,4,1
200501BS70494,2,8,0,3,0,8,0,0,0,0,4,1,1,1,-1,-1,-1,-1,-1,-1
200501BS70494,3,9,0,3,0,8,0,0,0,0,3,1,15,1,-1,-1,-1,-1,-1,-1
200501BS70495,1,9,0,3,0,1,0,0,0,0,2,1,15,2,5,1396,1,17,3,1
200501BS70495,2,9,0,18,0,1,0,0,0,0,1,1,15,1,5,-1,-1,-1,-1,-1
200501BS70496,1,3,0,17,0,2,0,0,0,0,4,1,15,1,5,124,1,-1,7,1
200501BS70496,2,8,0,17,0,2,0,0,0,0,3,1,1,3,-1,-1,-1,-1,-1,-1
200501BS70497,1,3,0,13,0,8,0,0,0,0,1,1,15,1,6,50,1,3,7,1
200501BS70497,2,9,0,9,0,8,0,0,0,0,3,1,15,1,8,1598,1,1,7,1
200501BS70498,1,11,0,18,0,0,0,0,0,0,4,1,1,2,-1,7300,2,4,-1,-1
200501BS70499,1,9,0,9,0,2,0,0,0,0,2,1,15,1,7,1596,1,-1,-1,-1
200501BS70499,2,9,0,9,0,2,0,0,0,0,1,1,15,2,7,1390,1,3,3,1
200501BS70500,1,9,0,9,0,1,0,0,0,0,1,1,15,3,-1,-1,-1,-1,-1,-1
200501BS70501,1,9,0,18,0,8,0,0,0,0,2,1,15,1,6,2148,2,3,6,1
200501BS70501,2,9,0,18,0,8,0,0,0,0,1,1,15,2,-1,1399,2,1,3,1
200501BS70502,1,5,0,18,0,0,0,0,0,0,3,1,15,1,7,998,1,1,10,1
200501BS70502,2,9,0,6,0,0,0,0,0,0,1,1,15,1,8,1896,2,1,7,1
200501BS70503,1,9,0,18,0,1,0,0,0,0,4,1,15,1,5,1242,1,6,-1,-1
200501BS70504,1,4,0,13,0,8,1,0,0,0,1,1,15,1,7,499,1,-1,1,1
200501BS70504,2,9,0,9,0,8,0,0,0,0,3,1,15,2,6,-1,-1,-1,3,1
200501BS70505,1,9,0,1,0,0,0,0,0,0,2,1,15,1,-1,-1,-1,-1,-1,-1
200501BS70506,1,9,0,18,0,0,0,0,0,0,1,1,15,2,7,3222,2,2,10,3
200501BS70507,1,4,0,18,0,8,0,0,0,0,1,1,15,1,7,499,1,7,6,1
200501BS70507,2,9,0,12,0,8,0,0,0,0,2,1,15,2,6,1998,1,6,4,1
200501BS70508,1,9,0,9,0,8,0,0,0,0,3,1,15,1,8,1896,2,-1,2,1
200501BS70508,2,3,0,18,0,8,0,0,0,0,1,1,15,1,6,124,1,-1,4,1
200501BS70509,1,4,0,18,0,2,0,0,0,0,4,1,15,3,-1,-1,-1,-1,-1,-1
200501BS70510,1,9,0,18,0,8,0,0,0,0,4,1,15,2,6,1389,1,11,2,1
200501BS70510,2,9,0,7,0,8,0,0,0,0,1,1,15,2,-1,1299,1,9,3,1
200501BS70511,1,3,0,18,0,1,0,0,0,0,4,1,15,3,-1,-1,-1,-1,-1,-1
200501BS70513,1,9,0,18,0,0,0,0,0,0,4,1,15,1,7,2495,2,8,7,1
200501BS70514,1,5,0,18,0,8,0,0,0,0,1,1,15,1,6,599,1,2,-1,-1
200501BS70514,2,9,0,9,0,8,0,0,0,0,3,1,15,3,-1,1590,1,12,-1,-1
200501BS70515,1,9,0,9,0,8,0,0,0,0,4,1,15,2,6,1587,1,2,3,1
200501BS70515,2,3,0,18,0,8,0,0,0,0,1,1,15,1,6,-1,-1,-1,4,1
200501BS70516,1,19,0,4,0,0,0,0,1,10,1,1,15,1,6,-1,-1,-1,3,1
200501BS70517,1,2,0,12,0,1,0,0,0,0,2,1,15,1,7,49,1,1,4,1
200501BS70517,2,8,0,18,0,1,0,0,0,0,1,1,15,1,9,2664,2,9,8,1
200501BS70518,1,4,0,18,0,8,0,0,0,0,1,1,15,1,7,-1,-1,-1,7,1
200501BS70518,2,2,0,9,0,8,0,0,0,0,3,1,15,1,9,49,1,6,3,1
200501BS70519,1,1,0,18,0,8,0,0,0,0,4,1,15,2,6,-1,-1,-1,7,1
200501BS70519,2,19,0,18,0,8,0,0,0,0,1,1,15,1,-1,-1,-1,-1,-1,-1
200501BS70521,1,9,0,18,0,2,0,0,0,0,4,1,15,1,7,1762,1,7,5,1
200501BS70523,1,5,0,18,0,0,0,0,0,0,0,1,15,1,6,599,1,3,6,1
200501BS70523,2,11,0,18,0,0,0,0,0,0,4,1,1,3,-1,4250,2,3,-1,-1
200501BS70524,1,19,0,9,0,8,0,0,0,0,1,1,15,1,9,2476,2,8,8,1
200501BS70524,2,1,0,18,0,8,0,0,0,0,1,1,15,1,8,-1,-1,-1,5,1
200501BS70525,1,9,0,18,0,1,0,0,0,0,1,1,15,1,-1,-1,-1,-1,-1,-1
200501BS70526,1,5,0,3,0,0,0,0,0,0,2,1,15,1,7,600,1,2,-1,-1
200501BS70526,2,9,0,18,0,0,0,0,0,0,1,1,15,1,-1,-1,-1,-1,-1,-1
200501BS70527,1,5,0,18,0,8,0,0,0,0,3,1,15,1,6,600,1,-1,10,1
200501BS70527,2,9,0,18,0,8,0,0,0,0,4,1,15,3,-1,1796,1,-1,-1,-1
200501BS70528,1,9,0,11,0,2,0,0,0,0,4,1,15,1,6,-1,-1,-1,2,1
200501BS70528,2,1,0,18,0,2,0,0,0,0,3,1,15,1,9,-1,-1,-1,4,1
200501BS70529,1,11,0,18,0,0,0,0,0,0,4,1,1,1,5,7300,2,4,3,1
200501BS70530,1,11,0,18,0,0,0,0,0,0,1,1,1,1,7,7300,2,-1,2,1
200501BS70531,1,5,0,18,0,8,0,0,0,0,3,1,15,1,7,805,1,15,-1,-1
200501BS70531,2,8,0,6,0,8,0,0,0,0,3,1,15,1,-1,2664,2,4,-1,-1
200501BS70532,1,9,0,7,0,2,0,10,7,7,3,1,15,1,5,1997,2,3,2,1
200501BS70533,1,5,0,5,0,2,0,0,0,0,1,1,15,1,9,750,1,15,-1,-1
200501BS70534,1,9,0,9,0,2,0,0,0,0,1,1,15,2,7,2497,2,9,3,1
200501BS70534,2,1,0,18,0,1,0,0,0,0,4,1,15,2,6,-1,-1,-1,7,1
200501BS70535,1,9,0,11,0,1,0,0,1,2,2,1,15,1,6,1997,1,5,2,1
200501BS70535,2,8,0,18,0,1,0,0,0,0,1,1,15,1,7,-1,-1,-1,7,1
200501BS70536,1,90,0,2,0,1,0,0,0,0,3,1,15,2,5,2689,2,2,-1,-1
200501BS70536,2,1,0,14,0,1,0,0,0,0,3,1,15,1,6,-1,-1,-1,2,1
200501BS70536,3,9,0,13,0,1,0,0,0,0,4,1,15,3,-1,1299,1,10,-1,-1
200501BS70537,1,19,0,7,0,8,0,0,0,0,4,1,1,1,-1,1998,2,-1,-1,-1
200501BS70538,1,11,0,18,0,0,0,0,0,0,4,1,1,1,6,3900,2,-1,3,1
200501BS70539,1,4,0,18,0,1,1,0,0,0,0,1,15,1,8,-1,-1,-1,2,1
200501BS70539,2,90,0,9,0,8,0,0,0,0,0,1,15,1,-1,-1,-1,-1,-1,-1
200501BS70540,1,20,0,18,0,1,0,0,0,0,4,1,15,1,7,5880,2,3,7,1
200501BS70540,2,4,0,18,0,1,0,0,0,0,4,1,15,1,6,499,1,5,5,1
200501BS70541,1,9,0,18,0,0,0,0,0,0,1,1,15,3,-1,-1,-1,-1,-1,-1
200501BS70542,1,9,0,6,0,2,0,0,0,0,3,1,15,2,4,2494,1,2,2,1
200501BS70542,2,3,0,18,0,2,0,0,0,0,1,1,15,1,5,-1,-1,-1,9,1
200501BS70543,1,1,0,18,0,1,0,0,0,0,3,1,15,1,3,-1,-1,-1,-1,-1
200501BS70543,2,9,0,18,0,1,0,0,0,0,1,1,15,1,9,-1,-1,-1,-1,-1
200501BS70545,1,9,0,6,0,1,0,0,0,0,3,1,15,2,7,2926,2,4,9,1
200501BS70545,2,4,0,18,0,1,0,0,0,0,4,1,15,2,8,250,1,4,9,1
200501BS70546,1,11,0,18,0,1,0,0,0,0,1,1,15,1,6,7300,2,3,1,1
200501BS70547,1,9,0,9,0,8,0,0,0,0,4,1,15,2,8,2362,1,3,5,1
200501BS70548,1,4,0,18,0,8,0,0,0,0,3,1,15,1,5,400,1,14,4,1
200501BS70548,2,9,0,6,0,8,0,0,0,0,1,1,15,1,-1,1994,1,9,3,1
200501BS70549,1,1,0,18,0,8,0,0,0,0,4,1,15,2,6,-1,-1,-1,3,1
200501BS70549,2,2,0,18,0,8,0,0,0,0,4,1,15,1,10,-1,-1,-1,2,1
200501BS70550,1,9,0,18,0,8,0,0,0,0,4,1,15,1,6,1587,1,6,2,1
200501BS70550,2,9,0,9,0,8,0,0,0,0,1,1,15,1,-1,1589,1,8,3,1
200501BS70551,1,8,0,18,0,8,0,0,0,0,2,1,1,2,7,2664,2,10,7,1
200501BS70551,2,19,0,18,0,8,0,0,0,0,1,1,15,1,-1,-1,-1,-1,-1,-1
200501BS70552,1,9,0,18,0,1,0,0,0,0,3,1,15,2,6,1798,1,-1,3,1
200501BS70552,2,3,0,18,0,1,0,0,0,0,1,1,15,3,-1,125,1,-1,-1,-1
200501BS70554,1,9,0,18,0,0,0,4,0,0,1,1,15,2,7,1299,1,4,2,1
200501BS70554,2,9,0,2,0,0,0,0,0,0,1,1,15,2,-1,-1,-1,-1,2,1
200501BS70554,3,9,0,2,0,0,0,0,0,0,1,1,15,2,-1,1990,1,19,2,1
200501BS70555,1,11,0,9,0,2,0,0,0,0,1,1,1,3,-1,-1,2,8,-1,-1
200501BS70556,1,9,0,9,0,6,0,7,3,10,1,1,15,1,9,1896,2,3,8,1
200501BS70557,1,9,0,18,0,1,0,0,0,0,1,1,15,1,-1,5379,1,10,5,1
200501BS70558,1,9,0,2,0,8,0,0,0,0,2,1,15,2,7,899,1,11,1,1
200501BS70558,2,1,0,18,0,8,0,0,0,0,1,1,15,1,3,-1,-1,-1,-1,-1
200501BS70559,1,9,0,18,0,8,0,0,0,0,1,1,15,1,7,1997,2,2,5,1
200501BS70561,1,9,0,18,0,1,0,0,0,0,1,1,15,1,9,1769,1,4,6,2
200501BS70562,1,9,0,18,0,8,0,0,0,0,1,1,15,1,5,1598,1,9,6,1
200501BS70564,1,19,0,18,0,0,0,0,0,0,0,1,15,3,-1,-1,-1,-1,-1,-1
200501BS70564,2,9,0,2,6,0,0,0,0,0,1,1,15,3,-1,1391,1,10,-1,-1
200501BS70565,1,9,0,18,0,1,0,0,0,0,3,1,15,2,7,2979,1,1,6,1
200501BS70565,2,9,0,18,0,1,0,0,0,0,4,1,15,2,11,-1,-1,-1,-1,-1
200501BS70565,3,9,0,2,0,1,0,0,0,0,3,1,15,3,9,5400,6,11,3,1
200501BS70565,4,9,0,18,0,1,0,0,0,0,3,1,15,2,-1,1997,2,6,-1,-1
200501BS70566,1,9,0,9,0,8,0,0,0,0,3,1,15,2,6,657,1,11,7,1
200501BS70566,2,5,0,14,0,8,0,0,0,0,1,1,15,1,7,748,1,5,8,1
200501BS70567,1,8,0,9,0,1,0,0,0,0,2,1,15,1,9,2664,2,15,1,1
200501BS70567,2,3,0,18,0,1,0,0,0,0,1,1,15,2,5,124,1,2,2,1
200501BS70568,1,9,0,1,0,0,0,0,0,0,1,1,1,1,10,1242,1,4,5,1
200501BS70569,1,1,0,18,0,8,0,0,0,0,4,1,2,1,6,-1,-1,-1,1,1
200501BS70569,2,9,0,9,0,8,0,0,0,0,1,1,15,1,-1,-1,-1,-1,-1,-1
200501BS70570,1,2,0,18,0,1,0,0,0,0,3,1,1,2,5,49,1,5,3,1
200501BS70570,2,9,0,11,0,1,0,0,0,0,1,1,15,2,7,1397,1,2,1,1
200501BS70571,1,8,0,2,0,0,0,0,0,0,3,1,1,3,-1,-1,-1,-1,-1,-1
200501BS70571,2,1,0,18,0,0,0,8,0,0,4,1,15,1,7,-1,-1,-1,7,1
200501BS70572,1,2,0,13,0,8,0,0,0,0,1,1,15,1,4,49,1,3,1,1
200501BS70572,2,9,0,9,0,8,0,0,0,0,3,1,15,1,7,1198,1,2,3,1
200501BS70574,1,9,0,10,0,1,0,0,0,0,2,1,15,1,7,1595,1,5,5,1
200501BS70574,2,9,0,10,0,1,0,0,0,0,1,1,15,1,7,-1,-1,-1,6,3
200501BS70575,1,9,0,18,0,0,0,0,0,0,1,1,15,2,6,-1,-1,-1,1,1
200501BS70575,2,9,0,18,0,0,0,0,0,0,1,1,15,1,8,1495,1,5,2,1
200501BS70576,1,9,0,3,0,0,0,0,0,0,2,1,15,1,9,1396,1,8,6,1
200501BS70576,2,9,0,3,0,0,0,0,0,0,2,1,15,2,6,-1,-1,-1,3,1
200501BS70576,3,9,0,18,0,0,0,0,0,0,1,1,15,2,6,1587,1,2,3,1
200501BS70577,1,1,0,18,0,1,0,0,0,0,3,1,15,2,7,-1,-1,-1,-1,-1
200501BS70577,2,9,0,7,0,1,0,0,0,0,2,1,15,2,6,1999,1,1,2,1
200501BS70578,1,9,0,9,0,8,0,0,0,0,1,1,15,1,-1,1973,1,6,-1,-1
200501BS70578,2,3,0,18,0,8,0,0,0,0,3,1,15,1,6,85,1,7,2,1
200501BS70579,1,3,0,18,0,1,0,10,1,0,4,1,15,1,11,125,1,1,3,1
200501BS70579,2,21,0,9,0,1,0,0,0,0,0,1,1,1,-1,-1,-1,-1,-1,-1
200501BS70580,1,1,0,18,0,1,0,0,0,0,3,1,15,2,6,-1,-1,-1,5,1
200501BS70580,2,9,0,18,0,1,0,0,0,0,4,1,15,3,-1,2401,2,3,-1,-1
200501BS70581,1,9,0,9,0,0,0,11,1,10,1,1,15,2,9,1389,1,11,4,1
200501BS70581,2,9,0,2,0,0,0,0,0,0,2,1,15,3,-1,1796,1,3,-1,-1
200501BS70581,3,9,0,2,0,0,0,0,0,0,2,1,15,3,-1,1390,1,4,-1,-1
200501BS70581,4,9,0,2,0,0,0,0,0,0,2,1,15,3,-1,2962,1,19,-1,-1
200501BS70582,1,9,0,18,0,0,0,0,0,0,4,1,15,2,7,1984,1,8,2,1
200501BS70582,2,4,0,18,0,0,0,0,0,0,1,1,15,1,6,-1,-1,-1,4,1
200501BS70583,1,2,0,18,0,8,0,0,0,0,1,1,15,1,6,49,1,2,5,1
200501BS70583,2,9,0,9,0,8,0,0,0,0,3,1,15,2,7,1246,1,-1,5,1
200501BS70585,1,9,0,18,0,8,0,0,0,0,1,1,15,1,4,1598,1,10,3,1
200501BS70585,2,9,0,18,0,8,0,0,0,0,4,1,15,1,4,1598,1,5,6,1
200501BS70587,1,20,0,1,0,1,0,0,0,0,2,1,15,1,6,4751,2,3,3,1
200501BS70588,1,9,0,3,0,1,0,0,0,0,2,1,15,1,-1,-1,-1,-1,3,1
200501BS70588,2,10,0,18,0,1,0,0,0,0,1,1,15,1,-1,-1,-1,-1,-1,-1
200501BS70589,1,9,0,1,0,1,0,0,0,0,2,1,15,1,6,-1,-1,-1,3,1
200501BS70590,1,3,0,13,0,1,1,0,0,0,4,1,15,2,6,124,1,1,8,1
200501BS70590,2,9,0,9,0,5,0,0,7,0,3,1,15,1,8,-1,-1,-1,-1,-1
200501BS70591,1,9,0,18,0,1,0,0,0,0,3,1,1,2,7,1124,1,12,2,1
200501BS70591,2,1,0,18,0,1,0,0,0,0,4,1,15,1,2,-1,-1,-1,-1,-1
200501BS70592,1,3,0,6,0,2,0,0,0,0,1,1,15,1,6,124,1,8,4,1
